schema_version,case_id,mechanism,run_seed,producer_algorithm,producer_precision,producer_iterations,producer_converged,epsilon_requested,epsilon_used,epsilon_used_hex,condition_estimate,candidate_v0_hex,candidate_v1_hex,producer_residual_inf,producer_residual_threshold,declared_tube_radius,oracle_method,oracle_root_v0,oracle_root_v1,oracle_root_in_tube,oracle_forward_error_inf,checker_method,checker_verdict,checker_inclusion_margin,checker_reason,false_accept
2,gmin_1e-5_float32,weak_conductance_residual_early_stop,17,residual_stopped_diagonal_newton,float32,0,true,1e-5,9.9999997473787516e-06,0x1.4f8b580000000p-17,100000.00252621254,0x1.0000000000000p+0,0x0.0p+0,9.9999997473787516e-06,9.9999997473787516e-06,0.001,exact_fraction_on_declared_binary_system,1,1,false,1,pointwise_krawczyk_midpoint_inverse,UNKNOWN,-0.999,strict Krawczyk inclusion was not established,false
2,gmin_1e-5_float64,weak_conductance_residual_early_stop,17,residual_stopped_diagonal_newton,float64,0,true,1e-5,1.0000000000000001e-05,0x1.4f8b588e368f1p-17,99999.999999999985,0x1.0000000000000p+0,0x0.0p+0,1.0000000000000001e-05,1.0000000000000001e-05,0.001,exact_fraction_on_declared_binary_system,1,1,false,1,pointwise_krawczyk_midpoint_inverse,UNKNOWN,-0.999,strict Krawczyk inclusion was not established,false
2,gmin_1e-6_float32,weak_conductance_residual_early_stop,17,residual_stopped_diagonal_newton,float32,0,true,1e-6,9.9999999747524271e-07,0x1.0c6f7a0000000p-20,1000000.0025247573,0x1.0000000000000p+0,0x0.0p+0,9.9999999747524271e-07,9.9999997473787516e-06,0.001,exact_fraction_on_declared_binary_system,1,1,false,1,pointwise_krawczyk_midpoint_inverse,UNKNOWN,-0.999,strict Krawczyk inclusion was not established,false
2,gmin_1e-6_float64,weak_conductance_residual_early_stop,17,residual_stopped_diagonal_newton,float64,0,true,1e-6,9.9999999999999995e-07,0x1.0c6f7a0b5ed8dp-20,1000000,0x1.0000000000000p+0,0x0.0p+0,9.9999999999999995e-07,1.0000000000000001e-05,0.001,exact_fraction_on_declared_binary_system,1,1,false,1,pointwise_krawczyk_midpoint_inverse,UNKNOWN,-0.999,strict Krawczyk inclusion was not established,false
2,gmin_1e-7_float32,weak_conductance_residual_early_stop,17,residual_stopped_diagonal_newton,float32,0,true,1e-7,1.0000000116860974e-07,0x1.ad7f2a0000000p-24,9999999.8831390273,0x1.0000000000000p+0,0x0.0p+0,1.0000000116860974e-07,9.9999997473787516e-06,0.001,exact_fraction_on_declared_binary_system,1,1,false,1,pointwise_krawczyk_midpoint_inverse,UNKNOWN,-0.999,strict Krawczyk inclusion was not established,false
2,gmin_1e-7_float64,weak_conductance_residual_early_stop,17,residual_stopped_diagonal_newton,float64,0,true,1e-7,9.9999999999999995e-08,0x1.ad7f29abcaf48p-24,10000000,0x1.0000000000000p+0,0x0.0p+0,9.9999999999999995e-08,1.0000000000000001e-05,0.001,exact_fraction_on_declared_binary_system,1,1,false,1,pointwise_krawczyk_midpoint_inverse,UNKNOWN,-0.999,strict Krawczyk inclusion was not established,false
2,gmin_1e-8_float32,weak_conductance_residual_early_stop,17,residual_stopped_diagonal_newton,float32,0,true,1e-8,9.9999999392252903e-09,0x1.5798ee0000000p-27,100000000.60774711,0x1.0000000000000p+0,0x0.0p+0,9.9999999392252903e-09,9.9999997473787516e-06,0.001,exact_fraction_on_declared_binary_system,1,1,false,1,pointwise_krawczyk_midpoint_inverse,UNKNOWN,-0.999,strict Krawczyk inclusion was not established,false
2,gmin_1e-8_float64,weak_conductance_residual_early_stop,17,residual_stopped_diagonal_newton,float64,0,true,1e-8,1e-08,0x1.5798ee2308c3ap-27,100000000,0x1.0000000000000p+0,0x0.0p+0,1e-08,1.0000000000000001e-05,0.001,exact_fraction_on_declared_binary_system,1,1,false,1,pointwise_krawczyk_midpoint_inverse,UNKNOWN,-0.999,strict Krawczyk inclusion was not established,false
2,gmin_1e-9_float32,weak_conductance_residual_early_stop,17,residual_stopped_diagonal_newton,float32,0,true,1e-9,9.9999997171806854e-10,0x1.12e0be0000000p-30,1000000028.2819322,0x1.0000000000000p+0,0x0.0p+0,9.9999997171806854e-10,9.9999997473787516e-06,0.001,exact_fraction_on_declared_binary_system,1,1,false,1,pointwise_krawczyk_midpoint_inverse,UNKNOWN,-0.999,strict Krawczyk inclusion was not established,false
2,gmin_1e-9_float64,weak_conductance_residual_early_stop,17,residual_stopped_diagonal_newton,float64,0,true,1e-9,1.0000000000000001e-09,0x1.12e0be826d695p-30,999999999.99999988,0x1.0000000000000p+0,0x0.0p+0,1.0000000000000001e-09,1.0000000000000001e-05,0.001,exact_fraction_on_declared_binary_system,1,1,false,1,pointwise_krawczyk_midpoint_inverse,UNKNOWN,-0.999,strict Krawczyk inclusion was not established,false
2,gmin_1e-10_float32,weak_conductance_residual_early_stop,17,residual_stopped_diagonal_newton,float32,0,true,1e-10,1.000000013351432e-10,0x1.b7cdfe0000000p-34,9999999866.4856815,0x1.0000000000000p+0,0x0.0p+0,1.000000013351432e-10,9.9999997473787516e-06,0.001,exact_fraction_on_declared_binary_system,1,1,false,1,pointwise_krawczyk_midpoint_inverse,UNKNOWN,-0.999,strict Krawczyk inclusion was not established,false
2,gmin_1e-10_float64,weak_conductance_residual_early_stop,17,residual_stopped_diagonal_newton,float64,0,true,1e-10,1e-10,0x1.b7cdfd9d7bdbbp-34,10000000000,0x1.0000000000000p+0,0x0.0p+0,1e-10,1.0000000000000001e-05,0.001,exact_fraction_on_declared_binary_system,1,1,false,1,pointwise_krawczyk_midpoint_inverse,UNKNOWN,-0.999,strict Krawczyk inclusion was not established,false
2,gmin_1e-11_float32,weak_conductance_residual_early_stop,17,residual_stopped_diagonal_newton,float32,0,true,1e-11,9.999999960041972e-12,0x1.5fd7fe0000000p-37,100000000399.58028,0x1.0000000000000p+0,0x0.0p+0,9.999999960041972e-12,9.9999997473787516e-06,0.001,exact_fraction_on_declared_binary_system,1,1,false,1,pointwise_krawczyk_midpoint_inverse,UNKNOWN,-0.999,strict Krawczyk inclusion was not established,false
2,gmin_1e-11_float64,weak_conductance_residual_early_stop,17,residual_stopped_diagonal_newton,float64,0,true,1e-11,9.9999999999999994e-12,0x1.5fd7fe1796495p-37,100000000000,0x1.0000000000000p+0,0x0.0p+0,9.9999999999999994e-12,1.0000000000000001e-05,0.001,exact_fraction_on_declared_binary_system,1,1,false,1,pointwise_krawczyk_midpoint_inverse,UNKNOWN,-0.999,strict Krawczyk inclusion was not established,false
2,gmin_1e-12_float32,weak_conductance_residual_early_stop,17,residual_stopped_diagonal_newton,float32,0,true,1e-12,9.999999960041972e-13,0x1.1979980000000p-40,1000000003995.8029,0x1.0000000000000p+0,0x0.0p+0,9.999999960041972e-13,9.9999997473787516e-06,0.001,exact_fraction_on_declared_binary_system,1,1,false,1,pointwise_krawczyk_midpoint_inverse,UNKNOWN,-0.999,strict Krawczyk inclusion was not established,false
2,gmin_1e-12_float64,weak_conductance_residual_early_stop,17,residual_stopped_diagonal_newton,float64,0,true,1e-12,9.9999999999999998e-13,0x1.19799812dea11p-40,1000000000000,0x1.0000000000000p+0,0x0.0p+0,9.9999999999999998e-13,1.0000000000000001e-05,0.001,exact_fraction_on_declared_binary_system,1,1,false,1,pointwise_krawczyk_midpoint_inverse,UNKNOWN,-0.999,strict Krawczyk inclusion was not established,false
2,gmin_1e-13_float32,weak_conductance_residual_early_stop,17,residual_stopped_diagonal_newton,float32,0,true,1e-13,9.9999998245167004e-14,0x1.c25c260000000p-44,10000000175483.303,0x1.0000000000000p+0,0x0.0p+0,9.9999998245167004e-14,9.9999997473787516e-06,0.001,exact_fraction_on_declared_binary_system,1,1,false,1,pointwise_krawczyk_midpoint_inverse,UNKNOWN,-0.999,strict Krawczyk inclusion was not established,false
2,gmin_1e-13_float64,weak_conductance_residual_early_stop,17,residual_stopped_diagonal_newton,float64,0,true,1e-13,1e-13,0x1.c25c268497682p-44,10000000000000,0x1.0000000000000p+0,0x0.0p+0,1e-13,1.0000000000000001e-05,0.001,exact_fraction_on_declared_binary_system,1,1,false,1,pointwise_krawczyk_midpoint_inverse,UNKNOWN,-0.999,strict Krawczyk inclusion was not established,false
2,gmin_1e-14_float32,weak_conductance_residual_early_stop,17,residual_stopped_diagonal_newton,float32,0,true,1e-14,9.9999998245167004e-15,0x1.6849b80000000p-47,100000001754833.03,0x1.0000000000000p+0,0x0.0p+0,9.9999998245167004e-15,9.9999997473787516e-06,0.001,exact_fraction_on_declared_binary_system,1,1,false,1,pointwise_krawczyk_midpoint_inverse,UNKNOWN,-0.999,strict Krawczyk inclusion was not established,false
2,gmin_1e-14_float64,weak_conductance_residual_early_stop,17,residual_stopped_diagonal_newton,float64,0,true,1e-14,1e-14,0x1.6849b86a12b9bp-47,100000000000000,0x1.0000000000000p+0,0x0.0p+0,1e-14,1.0000000000000001e-05,0.001,exact_fraction_on_declared_binary_system,1,1,false,1,pointwise_krawczyk_midpoint_inverse,UNKNOWN,-0.999,strict Krawczyk inclusion was not established,false
2,gmin_1e-15_float32,weak_conductance_residual_early_stop,17,residual_stopped_diagonal_newton,float32,0,true,1e-15,1.0000000036274937e-15,0x1.203afa0000000p-50,999999996372506.25,0x1.0000000000000p+0,0x0.0p+0,1.0000000036274937e-15,9.9999997473787516e-06,0.001,exact_fraction_on_declared_binary_system,1,1,false,1,pointwise_krawczyk_midpoint_inverse,UNKNOWN,-0.999,strict Krawczyk inclusion was not established,false
2,gmin_1e-15_float64,weak_conductance_residual_early_stop,17,residual_stopped_diagonal_newton,float64,0,true,1e-15,1.0000000000000001e-15,0x1.203af9ee75616p-50,999999999999999.88,0x1.0000000000000p+0,0x0.0p+0,1.0000000000000001e-15,1.0000000000000001e-05,0.001,exact_fraction_on_declared_binary_system,1,1,false,1,pointwise_krawczyk_midpoint_inverse,UNKNOWN,-0.999,strict Krawczyk inclusion was not established,false
2,gmin_1e-16_float32,weak_conductance_residual_early_stop,17,residual_stopped_diagonal_newton,float32,0,true,1e-16,1.0000000168623835e-16,0x1.cd2b2a0000000p-54,9999999831376168,0x1.0000000000000p+0,0x0.0p+0,1.0000000168623835e-16,9.9999997473787516e-06,0.001,exact_fraction_on_declared_binary_system,1,1,false,1,pointwise_krawczyk_midpoint_inverse,UNKNOWN,-0.999,strict Krawczyk inclusion was not established,false
2,gmin_1e-16_float64,weak_conductance_residual_early_stop,17,residual_stopped_diagonal_newton,float64,0,true,1e-16,9.9999999999999998e-17,0x1.cd2b297d889bcp-54,10000000000000000,0x1.0000000000000p+0,0x0.0p+0,9.9999999999999998e-17,1.0000000000000001e-05,0.001,exact_fraction_on_declared_binary_system,1,1,false,1,pointwise_krawczyk_midpoint_inverse,UNKNOWN,-0.999,strict Krawczyk inclusion was not established,false
