variant,selector,metric,estimate,ci_lower,ci_upper
highpass_residual,rgb_base_rank_combination_topk,signed_primary_error_reduction_ratio,0.06623577885184964,0.032989233482362594,0.09645908182461088
highpass_residual,rgb_base_rank_combination_topk,signed_absrel_error_reduction_ratio,0.06759776988837171,0.02582202122757025,0.10796593653846427
highpass_residual,rgb_base_rank_combination_topk,harmful_selection_rate,0.43333333333333335,0.36333333333333334,0.5033333333333333
highpass_residual,rgb_base_rank_combination_topk,oracle_regret_ratio,0.31432697565588613,0.18056860521286924,0.5327769086715819
highpass_residual,rgb_base_rank_combination_topk,actual_selection_count,3.0,3.0,3.0
highpass_residual,rgb_base_rank_combination_topk,positive_utility_capture,0.7230185711500551,0.569310587534746,0.8469003274173642
highpass_residual,oracle_at_most_k_positive,signed_primary_error_reduction_ratio,0.09659965683382109,0.06512543344765084,0.12349896911225033
highpass_residual,oracle_at_most_k_positive,signed_absrel_error_reduction_ratio,0.09716368941028768,0.05498071268417394,0.13279401038168487
highpass_residual,oracle_at_most_k_positive,harmful_selection_rate,0.0,0.0,0.0
highpass_residual,oracle_at_most_k_positive,oracle_regret_ratio,0.0,0.0,0.0
highpass_residual,oracle_at_most_k_positive,actual_selection_count,2.96,2.925,2.99
highpass_residual,oracle_at_most_k_positive,positive_utility_capture,0.9271902677789703,0.8830349051270203,0.9752758594755208
highpass_residual,all_12_regions,signed_primary_error_reduction_ratio,0.08837117621610104,0.048820720525590625,0.11918150415824014
highpass_residual,all_12_regions,signed_absrel_error_reduction_ratio,0.09411436199601919,0.04265547754526265,0.1381472902137569
highpass_residual,all_12_regions,harmful_selection_rate,0.4404166666666667,0.40958333333333335,0.47375
highpass_residual,all_12_regions,oracle_regret_ratio,0.15178896876720716,0.07353168616059418,0.3257676635837781
highpass_residual,all_12_regions,actual_selection_count,12.0,12.0,12.0
highpass_residual,all_12_regions,positive_utility_capture,1.0,1.0,1.0
aligned_patch_replacement,rgb_base_rank_combination_topk,signed_primary_error_reduction_ratio,0.061107936462518074,0.01666724137048122,0.10760735548334378
aligned_patch_replacement,rgb_base_rank_combination_topk,signed_absrel_error_reduction_ratio,0.05933036327806787,0.007540347731035137,0.10511831850133181
aligned_patch_replacement,rgb_base_rank_combination_topk,harmful_selection_rate,0.4583333333333333,0.39829166666666704,0.5216666666666666
aligned_patch_replacement,rgb_base_rank_combination_topk,oracle_regret_ratio,0.4838505707784555,0.2749561337553048,0.8174946140661337
aligned_patch_replacement,rgb_base_rank_combination_topk,actual_selection_count,3.0,3.0,3.0
aligned_patch_replacement,rgb_base_rank_combination_topk,positive_utility_capture,0.7973902805202812,0.6584397994104662,0.8837216387834831
aligned_patch_replacement,oracle_at_most_k_positive,signed_primary_error_reduction_ratio,0.11839194815090842,0.08134250837041133,0.15946490833783022
aligned_patch_replacement,oracle_at_most_k_positive,signed_absrel_error_reduction_ratio,0.12397412209956624,0.08015114897337901,0.16146461489171451
aligned_patch_replacement,oracle_at_most_k_positive,harmful_selection_rate,0.0,0.0,0.0
aligned_patch_replacement,oracle_at_most_k_positive,oracle_regret_ratio,0.0,0.0,0.0
aligned_patch_replacement,oracle_at_most_k_positive,actual_selection_count,2.945,2.9,2.985
aligned_patch_replacement,oracle_at_most_k_positive,positive_utility_capture,0.9611390980618576,0.9332012111704847,0.9807957951215615
aligned_patch_replacement,all_12_regions,signed_primary_error_reduction_ratio,0.04102137901683925,-0.011105623759187694,0.09087450478182874
aligned_patch_replacement,all_12_regions,signed_absrel_error_reduction_ratio,0.0480064994844751,-0.016907160646549083,0.09886530639344952
aligned_patch_replacement,all_12_regions,harmful_selection_rate,0.4633333333333333,0.43,0.49626041666666654
aligned_patch_replacement,all_12_regions,oracle_regret_ratio,0.6669769199232831,0.3813888027789472,1.112848466660805
aligned_patch_replacement,all_12_regions,actual_selection_count,12.0,12.0,12.0
aligned_patch_replacement,all_12_regions,positive_utility_capture,1.0,1.0,1.0
patch_high_frequency_without_base_subtraction,rgb_base_rank_combination_topk,signed_primary_error_reduction_ratio,-0.2649527853564024,-0.4550289785384723,-0.14759386460872612
patch_high_frequency_without_base_subtraction,rgb_base_rank_combination_topk,signed_absrel_error_reduction_ratio,-0.21620693988565384,-0.3222507235793668,-0.1312649149383807
patch_high_frequency_without_base_subtraction,rgb_base_rank_combination_topk,harmful_selection_rate,0.8383333333333334,0.8033333333333333,0.8733749999999993
patch_high_frequency_without_base_subtraction,rgb_base_rank_combination_topk,oracle_regret_ratio,39.72963914288295,20.16968641462728,107.97004778249124
patch_high_frequency_without_base_subtraction,rgb_base_rank_combination_topk,actual_selection_count,3.0,3.0,3.0
patch_high_frequency_without_base_subtraction,rgb_base_rank_combination_topk,positive_utility_capture,0.42900898265827625,0.13065013716797397,0.7869118265579426
patch_high_frequency_without_base_subtraction,oracle_at_most_k_positive,signed_primary_error_reduction_ratio,0.006841085825223618,0.0032501848620352723,0.009907138740768566
patch_high_frequency_without_base_subtraction,oracle_at_most_k_positive,signed_absrel_error_reduction_ratio,0.004429575670179733,0.0025969867628489133,0.006087507417260422
patch_high_frequency_without_base_subtraction,oracle_at_most_k_positive,harmful_selection_rate,0.0,0.0,0.0
patch_high_frequency_without_base_subtraction,oracle_at_most_k_positive,oracle_regret_ratio,0.0,0.0,0.0
patch_high_frequency_without_base_subtraction,oracle_at_most_k_positive,actual_selection_count,2.105,1.955,2.255
patch_high_frequency_without_base_subtraction,oracle_at_most_k_positive,positive_utility_capture,0.9939634011697737,0.9848575201780041,0.9977206771706264
patch_high_frequency_without_base_subtraction,all_12_regions,signed_primary_error_reduction_ratio,-0.36597007477693716,-0.5846845685808006,-0.22621529508767124
patch_high_frequency_without_base_subtraction,all_12_regions,signed_absrel_error_reduction_ratio,-0.3104460900275245,-0.43965230726614263,-0.204780874123081
patch_high_frequency_without_base_subtraction,all_12_regions,harmful_selection_rate,0.7629166666666667,0.73875,0.7845833333333333
patch_high_frequency_without_base_subtraction,all_12_regions,oracle_regret_ratio,54.17297130090462,28.93613692230079,143.64968354220832
patch_high_frequency_without_base_subtraction,all_12_regions,actual_selection_count,12.0,12.0,12.0
patch_high_frequency_without_base_subtraction,all_12_regions,positive_utility_capture,1.0,1.0,1.0
rgb_guided_bilateral_sharpening,rgb_base_rank_combination_topk,signed_primary_error_reduction_ratio,-0.0059482205066128556,-0.008607739208071456,-0.0032639510808856725
rgb_guided_bilateral_sharpening,rgb_base_rank_combination_topk,signed_absrel_error_reduction_ratio,-0.005653249582546479,-0.009257737257805721,-0.0021210393049493283
rgb_guided_bilateral_sharpening,rgb_base_rank_combination_topk,harmful_selection_rate,0.89,0.8533333333333334,0.9216666666666666
rgb_guided_bilateral_sharpening,rgb_base_rank_combination_topk,oracle_regret_ratio,51.59119223914671,23.45955702676527,517.7033591696811
rgb_guided_bilateral_sharpening,rgb_base_rank_combination_topk,actual_selection_count,3.0,3.0,3.0
rgb_guided_bilateral_sharpening,rgb_base_rank_combination_topk,positive_utility_capture,0.11489777008605014,0.04292350399291006,0.3561652926672968
rgb_guided_bilateral_sharpening,oracle_at_most_k_positive,signed_primary_error_reduction_ratio,0.00011757423067824465,1.200784405226385e-05,0.0002612662348080694
rgb_guided_bilateral_sharpening,oracle_at_most_k_positive,signed_absrel_error_reduction_ratio,6.697667210839573e-05,7.73641154479721e-06,0.0001454333171249601
rgb_guided_bilateral_sharpening,oracle_at_most_k_positive,harmful_selection_rate,0.0,0.0,0.0
rgb_guided_bilateral_sharpening,oracle_at_most_k_positive,oracle_regret_ratio,0.0,0.0,0.0
rgb_guided_bilateral_sharpening,oracle_at_most_k_positive,actual_selection_count,1.61,1.46,1.78
rgb_guided_bilateral_sharpening,oracle_at_most_k_positive,positive_utility_capture,0.9847235522610707,0.9333339230530684,0.9885166223079234
rgb_guided_bilateral_sharpening,all_12_regions,signed_primary_error_reduction_ratio,-0.00879371680978577,-0.012834671280326676,-0.004777423728255301
rgb_guided_bilateral_sharpening,all_12_regions,signed_absrel_error_reduction_ratio,-0.00842899602854651,-0.013639427552359576,-0.0032267736537307775
rgb_guided_bilateral_sharpening,all_12_regions,harmful_selection_rate,0.82375,0.7945833333333333,0.8475
rgb_guided_bilateral_sharpening,all_12_regions,oracle_regret_ratio,74.65032290287759,34.701888335046775,707.1762497410758
rgb_guided_bilateral_sharpening,all_12_regions,actual_selection_count,12.0,12.0,12.0
rgb_guided_bilateral_sharpening,all_12_regions,positive_utility_capture,1.0,1.0,1.0
base_depth_unsharp_mask,rgb_base_rank_combination_topk,signed_primary_error_reduction_ratio,-0.04252793616784721,-0.05844122354801875,-0.02777177816550368
base_depth_unsharp_mask,rgb_base_rank_combination_topk,signed_absrel_error_reduction_ratio,-0.035183775802425196,-0.049942523529612474,-0.019041889424814135
base_depth_unsharp_mask,rgb_base_rank_combination_topk,harmful_selection_rate,0.885,0.8466666666666667,0.92
base_depth_unsharp_mask,rgb_base_rank_combination_topk,oracle_regret_ratio,99.15213917437832,46.77914533463491,710.1587725163497
base_depth_unsharp_mask,rgb_base_rank_combination_topk,actual_selection_count,3.0,3.0,3.0
base_depth_unsharp_mask,rgb_base_rank_combination_topk,positive_utility_capture,0.10134924722904241,0.05632100343420209,0.4215956177324039
base_depth_unsharp_mask,oracle_at_most_k_positive,signed_primary_error_reduction_ratio,0.0004332858817502851,6.220212428046252e-05,0.0009362517284185939
base_depth_unsharp_mask,oracle_at_most_k_positive,signed_absrel_error_reduction_ratio,0.0002597886273389031,5.2016105051923864e-05,0.0005368978232153777
base_depth_unsharp_mask,oracle_at_most_k_positive,harmful_selection_rate,0.0,0.0,0.0
base_depth_unsharp_mask,oracle_at_most_k_positive,oracle_regret_ratio,0.0,0.0,0.0
base_depth_unsharp_mask,oracle_at_most_k_positive,actual_selection_count,1.545,1.375,1.715
base_depth_unsharp_mask,oracle_at_most_k_positive,positive_utility_capture,0.992379708930772,0.9409356900095799,0.9984168697922103
base_depth_unsharp_mask,all_12_regions,signed_primary_error_reduction_ratio,-0.05840296076725832,-0.07580312889708071,-0.04030821157236728
base_depth_unsharp_mask,all_12_regions,signed_absrel_error_reduction_ratio,-0.04947145684712809,-0.06928750757372337,-0.02836618287287246
base_depth_unsharp_mask,all_12_regions,harmful_selection_rate,0.8379166666666666,0.8154166666666667,0.8575
base_depth_unsharp_mask,all_12_regions,oracle_regret_ratio,134.7636780888926,65.52045858164927,908.0528600482435
base_depth_unsharp_mask,all_12_regions,actual_selection_count,12.0,12.0,12.0
base_depth_unsharp_mask,all_12_regions,positive_utility_capture,1.0,1.0,1.0
