sample_index,domain,scene_id,scan_id,budget_count,raw_topk_region_ids,normalized_topk_region_ids,top_k_set_jaccard,kendall_tau_b,selected_set_disagreement,zero_weight_region_count,base_primary_error_sum,raw_selected_utility_sum,normalized_selected_raw_utility_sum
0,indoors,scene_00019,indoors/scene_00019/scan_00183,1,7,7,1.0,0.9696969696969697,0.0,0,263486.1422873223,4360.50662733818,4360.50662733818
0,indoors,scene_00019,indoors/scene_00019/scan_00183,3,7;3;1,7;3;1,1.0,0.9696969696969697,0.0,0,263486.1422873223,5184.641619224831,5184.641619224831
0,indoors,scene_00019,indoors/scene_00019/scan_00183,6,7;3;1;5;6;9,7;3;1;5;6;9,1.0,0.9696969696969697,0.0,0,263486.1422873223,5312.156702540106,5312.156702540106
1,indoors,scene_00019,indoors/scene_00019/scan_00183,1,2,2,1.0,1.0,0.0,0,432126.64092610043,1235.429914687396,1235.429914687396
1,indoors,scene_00019,indoors/scene_00019/scan_00183,3,2;3;6,2;3;6,1.0,1.0,0.0,0,432126.64092610043,1874.5905575408187,1874.5905575408187
1,indoors,scene_00019,indoors/scene_00019/scan_00183,6,2;3;6;7;9;5,2;3;6;7;9;5,1.0,1.0,0.0,0,432126.64092610043,1994.5020277348854,1994.5020277348854
2,indoors,scene_00019,indoors/scene_00019/scan_00183,1,10,10,1.0,0.9696969696969697,0.0,0,307378.8268752569,1918.544649538666,1918.544649538666
2,indoors,scene_00019,indoors/scene_00019/scan_00183,3,10;11;9,10;11;9,1.0,0.9696969696969697,0.0,0,307378.8268752569,4726.575913794179,4726.575913794179
2,indoors,scene_00019,indoors/scene_00019/scan_00183,6,10;11;9;3;2;4,10;11;9;3;2;4,1.0,0.9696969696969697,0.0,0,307378.8268752569,4975.253850717603,4975.253850717603
3,indoors,scene_00019,indoors/scene_00019/scan_00183,1,2,2,1.0,0.9696969696969697,0.0,0,497278.5584692758,1172.8517013276892,1172.8517013276892
3,indoors,scene_00019,indoors/scene_00019/scan_00183,3,2;6;4,2;6;4,1.0,0.9696969696969697,0.0,0,497278.5584692758,1829.3796787773679,1829.3796787773679
3,indoors,scene_00019,indoors/scene_00019/scan_00183,6,2;6;4;7;8;10,2;6;4;7;8;9,0.7142857142857143,0.9696969696969697,1.0,0,497278.5584692758,1895.1768930200874,1892.3724531329556
4,indoors,scene_00019,indoors/scene_00019/scan_00183,1,5,4,0.0,0.9090909090909091,1.0,0,319044.8208653767,168.22489641969165,154.72415174179184
4,indoors,scene_00019,indoors/scene_00019/scan_00183,3,5;4;3,4;5;3,1.0,0.9090909090909091,0.0,0,319044.8208653767,382.91372328772843,382.91372328772843
4,indoors,scene_00019,indoors/scene_00019/scan_00183,6,5;4;3;7;2;1,4;5;3;7;2;1,1.0,0.9090909090909091,0.0,0,319044.8208653767,384.2474769832514,384.2474769832514
5,indoors,scene_00019,indoors/scene_00019/scan_00183,1,5,5,1.0,0.9696969696969697,0.0,0,333786.4340209197,80.97200146936714,80.97200146936714
5,indoors,scene_00019,indoors/scene_00019/scan_00183,3,5;1;3,5;1;3,1.0,0.9696969696969697,0.0,0,333786.4340209197,173.69389484484017,173.69389484484017
5,indoors,scene_00019,indoors/scene_00019/scan_00183,6,5;1;3;7;6;8,5;1;3;7;6;8,1.0,0.9696969696969697,0.0,0,333786.4340209197,73.27649543734654,73.27649543734654
6,indoors,scene_00019,indoors/scene_00019/scan_00183,1,0,0,1.0,0.9696969696969697,0.0,0,1269711.9965333187,38739.05842863518,38739.05842863518
6,indoors,scene_00019,indoors/scene_00019/scan_00183,3,0;1;7,0;1;7,1.0,0.9696969696969697,0.0,0,1269711.9965333187,46659.066213370075,46659.066213370075
6,indoors,scene_00019,indoors/scene_00019/scan_00183,6,0;1;7;6;2;3,0;1;7;2;6;3,1.0,0.9696969696969697,0.0,0,1269711.9965333187,49726.729376999116,49726.729376999116
7,indoors,scene_00019,indoors/scene_00019/scan_00183,1,5,5,1.0,0.9393939393939394,0.0,0,283964.8581877496,2137.253913253233,2137.253913253233
7,indoors,scene_00019,indoors/scene_00019/scan_00183,3,5;4;11,5;4;11,1.0,0.9393939393939394,0.0,0,283964.8581877496,2145.8661242161597,2145.8661242161597
7,indoors,scene_00019,indoors/scene_00019/scan_00183,6,5;4;11;7;0;3,5;4;11;0;7;3,1.0,0.9393939393939394,0.0,0,283964.8581877496,1565.8256680907032,1565.8256680907032
8,indoors,scene_00019,indoors/scene_00019/scan_00183,1,7,7,1.0,1.0,0.0,0,788962.5173845686,1328.2049574628024,1328.2049574628024
8,indoors,scene_00019,indoors/scene_00019/scan_00183,3,7;2;6,7;2;6,1.0,1.0,0.0,0,788962.5173845686,2069.7653529260406,2069.7653529260406
8,indoors,scene_00019,indoors/scene_00019/scan_00183,6,7;2;6;5;1;0,7;2;6;5;1;0,1.0,1.0,0.0,0,788962.5173845686,2398.767702652226,2398.767702652226
9,indoors,scene_00019,indoors/scene_00019/scan_00183,1,11,11,1.0,0.9696969696969697,0.0,0,347533.56491660705,277.89695211856775,277.89695211856775
9,indoors,scene_00019,indoors/scene_00019/scan_00183,3,11;5;4,11;5;4,1.0,0.9696969696969697,0.0,0,347533.56491660705,516.557076696337,516.557076696337
9,indoors,scene_00019,indoors/scene_00019/scan_00183,6,11;5;4;0;9;7,11;5;4;0;7;9,1.0,0.9696969696969697,0.0,0,347533.56491660705,438.90716078693123,438.90716078693123
10,indoors,scene_00020,indoors/scene_00020/scan_00184,1,7,3,0.0,0.9393939393939394,1.0,0,1838856.9443986118,780134.5216156055,619358.9309184193
10,indoors,scene_00020,indoors/scene_00020/scan_00184,3,7;3;2,3;7;8,0.5,0.9393939393939394,1.0,0,1838856.9443986118,1400162.8197380335,1400137.854127036
10,indoors,scene_00020,indoors/scene_00020/scan_00184,6,7;3;2;8;10;0,3;7;8;2;10;0,1.0,0.9393939393939394,0.0,0,1838856.9443986118,1401484.874210797,1401484.874210797
11,indoors,scene_00020,indoors/scene_00020/scan_00184,1,9,9,1.0,0.9090909090909091,0.0,0,404975.88751046744,4565.441248111301,4565.441248111301
11,indoors,scene_00020,indoors/scene_00020/scan_00184,3,9;7;3,9;5;7,0.5,0.9090909090909091,1.0,0,404975.88751046744,6741.081506002622,6724.583063080321
11,indoors,scene_00020,indoors/scene_00020/scan_00184,6,9;7;3;5;10;0,9;5;7;3;10;0,1.0,0.9090909090909091,0.0,0,404975.88751046744,8256.31592765147,8256.31592765147
12,indoors,scene_00020,indoors/scene_00020/scan_00184,1,3,3,1.0,1.0,0.0,0,407683.0446394273,1700.476114972989,1700.476114972989
12,indoors,scene_00020,indoors/scene_00020/scan_00184,3,3;10;4,3;10;4,1.0,1.0,0.0,0,407683.0446394273,2582.731521785559,2582.731521785559
12,indoors,scene_00020,indoors/scene_00020/scan_00184,6,3;10;4;8;2;0,3;10;4;8;2;0,1.0,1.0,0.0,0,407683.0446394273,2695.018114522417,2695.018114522417
13,indoors,scene_00020,indoors/scene_00020/scan_00184,1,11,11,1.0,0.9696969696969697,0.0,0,362404.28974309156,758.9885239059452,758.9885239059452
13,indoors,scene_00020,indoors/scene_00020/scan_00184,3,11;9;7,11;9;7,1.0,0.9696969696969697,0.0,0,362404.28974309156,1293.875438602127,1293.875438602127
13,indoors,scene_00020,indoors/scene_00020/scan_00184,6,11;9;7;3;1;4,11;9;7;1;3;4,1.0,0.9696969696969697,0.0,0,362404.28974309156,1454.7182529993513,1454.7182529993513
14,indoors,scene_00020,indoors/scene_00020/scan_00184,1,0,7,0.0,0.9090909090909091,1.0,0,347735.55883869785,32.71612371011625,25.793216065154226
14,indoors,scene_00020,indoors/scene_00020/scan_00184,3,0;7;1,7;0;11,0.5,0.9090909090909091,1.0,0,347735.55883869785,67.1833438144934,65.57225353047546
14,indoors,scene_00020,indoors/scene_00020/scan_00184,6,0;7;1;11;5;6,7;0;11;1;5;6,1.0,0.9090909090909091,0.0,0,347735.55883869785,72.0503166926867,72.0503166926867
15,indoors,scene_00020,indoors/scene_00020/scan_00184,1,4,4,1.0,0.9696969696969697,0.0,0,291537.5162577207,4111.464373919522,4111.464373919522
15,indoors,scene_00020,indoors/scene_00020/scan_00184,3,4;1;5,4;1;5,1.0,0.9696969696969697,0.0,0,291537.5162577207,5228.204261199221,5228.204261199221
15,indoors,scene_00020,indoors/scene_00020/scan_00184,6,4;1;5;9;3;7,4;1;5;9;3;7,1.0,0.9696969696969697,0.0,0,291537.5162577207,5432.645416329092,5432.645416329092
16,indoors,scene_00020,indoors/scene_00020/scan_00184,1,1,1,1.0,0.9696969696969697,0.0,0,461282.6745452656,27734.89756149248,27734.89756149248
16,indoors,scene_00020,indoors/scene_00020/scan_00184,3,1;0;3,1;0;3,1.0,0.9696969696969697,0.0,0,461282.6745452656,27741.15507739842,27741.15507739842
16,indoors,scene_00020,indoors/scene_00020/scan_00184,6,1;0;3;7;10;11,1;0;3;7;10;4,0.7142857142857143,0.9696969696969697,1.0,0,461282.6745452656,27416.950589005504,27350.47740259524
17,indoors,scene_00020,indoors/scene_00020/scan_00184,1,7,7,1.0,1.0,0.0,0,308973.5778442219,6811.353172543117,6811.353172543117
17,indoors,scene_00020,indoors/scene_00020/scan_00184,3,7;11;10,7;11;10,1.0,1.0,0.0,0,308973.5778442219,8569.256721174652,8569.256721174652
17,indoors,scene_00020,indoors/scene_00020/scan_00184,6,7;11;10;0;6;1,7;11;10;0;6;1,1.0,1.0,0.0,0,308973.5778442219,8993.378007260962,8993.378007260962
18,indoors,scene_00020,indoors/scene_00020/scan_00184,1,11,11,1.0,0.9090909090909091,0.0,0,341403.0432597881,1220.451168786853,1220.451168786853
18,indoors,scene_00020,indoors/scene_00020/scan_00184,3,11;6;2,11;6;3,0.5,0.9090909090909091,1.0,0,341403.0432597881,2091.8223242611684,1995.1075718357213
18,indoors,scene_00020,indoors/scene_00020/scan_00184,6,11;6;2;3;7;10,11;6;3;2;10;1,0.7142857142857143,0.9090909090909091,1.0,0,341403.0432597881,2567.3334673641775,2544.694709336304
19,indoors,scene_00020,indoors/scene_00020/scan_00184,1,5,5,1.0,1.0,0.0,0,414157.71572397917,89.04129898948419,89.04129898948419
19,indoors,scene_00020,indoors/scene_00020/scan_00184,3,5;10;9,5;10;9,1.0,1.0,0.0,0,414157.71572397917,203.22747902087812,203.22747902087812
19,indoors,scene_00020,indoors/scene_00020/scan_00184,6,5;10;9;6;3;1,5;10;9;6;3;1,1.0,1.0,0.0,0,414157.71572397917,243.61406491005783,243.61406491005783
20,indoors,scene_00020,indoors/scene_00020/scan_00185,1,3,3,1.0,1.0,0.0,0,4030609.16843727,985273.0154413301,985273.0154413301
20,indoors,scene_00020,indoors/scene_00020/scan_00185,3,3;1;6,3;1;6,1.0,1.0,0.0,0,4030609.16843727,995826.3026792483,995826.3026792483
20,indoors,scene_00020,indoors/scene_00020/scan_00185,6,3;1;6;9;0;4,3;1;6;9;0;4,1.0,1.0,0.0,0,4030609.16843727,997226.5717765385,997226.5717765385
21,indoors,scene_00020,indoors/scene_00020/scan_00185,1,9,9,1.0,1.0,0.0,0,290455.52057873574,3068.349201546051,3068.349201546051
21,indoors,scene_00020,indoors/scene_00020/scan_00185,3,9;10;11,9;10;11,1.0,1.0,0.0,0,290455.52057873574,6763.699950862567,6763.699950862567
21,indoors,scene_00020,indoors/scene_00020/scan_00185,6,9;10;11;8;2;4,9;10;11;8;2;4,1.0,1.0,0.0,0,290455.52057873574,7095.133363388525,7095.133363388525
22,indoors,scene_00020,indoors/scene_00020/scan_00185,1,10,10,1.0,0.9090909090909091,0.0,0,372238.4431808466,3759.900864981356,3759.900864981356
22,indoors,scene_00020,indoors/scene_00020/scan_00185,3,10;8;6,10;8;1,0.5,0.9090909090909091,1.0,0,372238.4431808466,6231.498880551302,5907.87594893089
22,indoors,scene_00020,indoors/scene_00020/scan_00185,6,10;8;6;11;5;1,10;8;1;6;11;5,1.0,0.9090909090909091,0.0,0,372238.4431808466,8333.84420129255,8333.844201292552
23,indoors,scene_00020,indoors/scene_00020/scan_00185,1,9,9,1.0,0.9696969696969697,0.0,0,268501.5029997853,1571.250599117414,1571.250599117414
23,indoors,scene_00020,indoors/scene_00020/scan_00185,3,9;4;8,9;8;4,1.0,0.9696969696969697,0.0,0,268501.5029997853,3575.842961047425,3575.842961047425
23,indoors,scene_00020,indoors/scene_00020/scan_00185,6,9;4;8;1;11;6,9;8;4;1;11;6,1.0,0.9696969696969697,0.0,0,268501.5029997853,4681.650244990649,4681.650244990649
24,indoors,scene_00020,indoors/scene_00020/scan_00185,1,0,0,1.0,0.9696969696969697,0.0,0,491535.9257250029,571.2954559306281,571.2954559306281
24,indoors,scene_00020,indoors/scene_00020/scan_00185,3,0;6;5,0;6;5,1.0,0.9696969696969697,0.0,0,491535.9257250029,1027.0338029880138,1027.0338029880138
24,indoors,scene_00020,indoors/scene_00020/scan_00185,6,0;6;5;11;1;2,0;6;5;11;1;2,1.0,0.9696969696969697,0.0,0,491535.9257250029,1050.9416503785174,1050.9416503785174
25,indoors,scene_00020,indoors/scene_00020/scan_00185,1,6,6,1.0,1.0,0.0,0,322098.0057096129,224.42376800066165,224.42376800066165
25,indoors,scene_00020,indoors/scene_00020/scan_00185,3,6;1;8,6;1;8,1.0,1.0,0.0,0,322098.0057096129,359.62115889371825,359.62115889371825
25,indoors,scene_00020,indoors/scene_00020/scan_00185,6,6;1;8;11;0;4,6;1;8;11;0;4,1.0,1.0,0.0,0,322098.0057096129,414.04659391420313,414.04659391420313
26,indoors,scene_00020,indoors/scene_00020/scan_00185,1,2,2,1.0,1.0,0.0,0,277796.41800741357,4598.78456483007,4598.78456483007
26,indoors,scene_00020,indoors/scene_00020/scan_00185,3,2;3;6,2;3;6,1.0,1.0,0.0,0,277796.41800741357,6321.44304723588,6321.44304723588
26,indoors,scene_00020,indoors/scene_00020/scan_00185,6,2;3;6;7;0;1,2;3;6;7;0;1,1.0,1.0,0.0,0,277796.41800741357,6644.546058049729,6644.546058049729
27,indoors,scene_00020,indoors/scene_00020/scan_00185,1,4,4,1.0,0.9696969696969697,0.0,0,245464.90642212058,1736.9209888490182,1736.9209888490182
27,indoors,scene_00020,indoors/scene_00020/scan_00185,3,4;10;8,4;10;8,1.0,0.9696969696969697,0.0,0,245464.90642212058,2572.2640201334384,2572.2640201334384
27,indoors,scene_00020,indoors/scene_00020/scan_00185,6,4;10;8;7;3;11,4;10;8;7;3;11,1.0,0.9696969696969697,0.0,0,245464.90642212058,2618.692215520817,2618.692215520817
28,indoors,scene_00020,indoors/scene_00020/scan_00185,1,9,9,1.0,1.0,0.0,0,315010.96481999225,7571.968953660055,7571.968953660055
28,indoors,scene_00020,indoors/scene_00020/scan_00185,3,9;8;10,9;8;10,1.0,1.0,0.0,0,315010.96481999225,8456.858526259413,8456.858526259413
28,indoors,scene_00020,indoors/scene_00020/scan_00185,6,9;8;10;6;7;1,9;8;10;6;7;1,1.0,1.0,0.0,0,315010.96481999225,8540.179316936077,8540.179316936077
29,indoors,scene_00020,indoors/scene_00020/scan_00185,1,9,9,1.0,0.9393939393939394,0.0,0,775010.9767898244,29439.645805154945,29439.645805154945
29,indoors,scene_00020,indoors/scene_00020/scan_00185,3,9;8;0,9;8;1,0.5,0.9393939393939394,1.0,0,775010.9767898244,39954.711589978404,39943.886456368484
29,indoors,scene_00020,indoors/scene_00020/scan_00185,6,9;8;0;1;11;7,9;8;1;11;0;7,1.0,0.9393939393939394,0.0,0,775010.9767898244,40182.588655263964,40182.588655263964
30,indoors,scene_00020,indoors/scene_00020/scan_00186,1,0,0,1.0,0.9393939393939394,0.0,0,354438.9117850935,991.0207616347468,991.0207616347468
30,indoors,scene_00020,indoors/scene_00020/scan_00186,3,0;4;7,0;4;7,1.0,0.9393939393939394,0.0,0,354438.9117850935,1200.2062140449302,1200.2062140449302
30,indoors,scene_00020,indoors/scene_00020/scan_00186,6,0;4;7;2;1;3,0;4;7;2;1;3,1.0,0.9393939393939394,0.0,0,354438.9117850935,1164.4703659420761,1164.4703659420761
31,indoors,scene_00020,indoors/scene_00020/scan_00186,1,4,4,1.0,1.0,0.0,0,825667.280753852,7622.119162540219,7622.119162540219
31,indoors,scene_00020,indoors/scene_00020/scan_00186,3,4;0;9,4;0;9,1.0,1.0,0.0,0,825667.280753852,15410.221297208045,15410.221297208045
31,indoors,scene_00020,indoors/scene_00020/scan_00186,6,4;0;9;6;11;10,4;0;9;6;11;10,1.0,1.0,0.0,0,825667.280753852,16867.04685475649,16867.04685475649
32,indoors,scene_00020,indoors/scene_00020/scan_00186,1,2,2,1.0,1.0,0.0,0,9067567.574329792,2119088.1454431107,2119088.1454431107
32,indoors,scene_00020,indoors/scene_00020/scan_00186,3,2;1;3,2;1;3,1.0,1.0,0.0,0,9067567.574329792,3526622.1142459973,3526622.1142459973
32,indoors,scene_00020,indoors/scene_00020/scan_00186,6,2;1;3;6;5;11,2;1;3;6;5;11,1.0,1.0,0.0,0,9067567.574329792,3526837.90565604,3526837.90565604
33,indoors,scene_00020,indoors/scene_00020/scan_00186,1,10,10,1.0,0.9393939393939394,0.0,0,7150251.089903791,410258.16160639195,410258.16160639195
33,indoors,scene_00020,indoors/scene_00020/scan_00186,3,10;6;7,10;7;6,1.0,0.9393939393939394,0.0,0,7150251.089903791,421252.50000245945,421252.50000245945
33,indoors,scene_00020,indoors/scene_00020/scan_00186,6,10;6;7;8;1;4,10;7;6;8;1;4,1.0,0.9393939393939394,0.0,0,7150251.089903791,423486.7153042852,423486.7153042852
34,indoors,scene_00020,indoors/scene_00020/scan_00186,1,5,5,1.0,1.0,0.0,0,386968.0332988939,399.59334287491436,399.59334287491436
34,indoors,scene_00020,indoors/scene_00020/scan_00186,3,5;1;0,5;1;0,1.0,1.0,0.0,0,386968.0332988939,553.2614900040531,553.2614900040531
34,indoors,scene_00020,indoors/scene_00020/scan_00186,6,5;1;0;4;11;8,5;1;0;4;11;8,1.0,1.0,0.0,0,386968.0332988939,474.4503496565039,474.4503496565039
35,indoors,scene_00020,indoors/scene_00020/scan_00186,1,9,9,1.0,1.0,0.0,0,791178.5842881753,4157.964243090938,4157.964243090938
35,indoors,scene_00020,indoors/scene_00020/scan_00186,3,9;3;2,9;3;2,1.0,1.0,0.0,0,791178.5842881753,4596.861957233177,4596.861957233177
35,indoors,scene_00020,indoors/scene_00020/scan_00186,6,9;3;2;6;1;0,9;3;2;6;1;0,1.0,1.0,0.0,0,791178.5842881753,4628.070338424842,4628.070338424842
36,indoors,scene_00020,indoors/scene_00020/scan_00186,1,0,0,1.0,1.0,0.0,0,366743.7633531962,575.1496261570566,575.1496261570566
36,indoors,scene_00020,indoors/scene_00020/scan_00186,3,0;3;7,0;3;7,1.0,1.0,0.0,0,366743.7633531962,567.1774903990942,567.1774903990942
36,indoors,scene_00020,indoors/scene_00020/scan_00186,6,0;3;7;5;4;2,0;3;7;5;4;2,1.0,1.0,0.0,0,366743.7633531962,432.86158590940903,432.86158590940903
37,indoors,scene_00020,indoors/scene_00020/scan_00186,1,8,8,1.0,1.0,0.0,0,760593.3765309814,17540.611959971513,17540.611959971513
37,indoors,scene_00020,indoors/scene_00020/scan_00186,3,8;0;2,8;0;2,1.0,1.0,0.0,0,760593.3765309814,19041.301552963396,19041.301552963396
37,indoors,scene_00020,indoors/scene_00020/scan_00186,6,8;0;2;9;11;1,8;0;2;9;11;1,1.0,1.0,0.0,0,760593.3765309814,19554.41199184966,19554.41199184966
38,indoors,scene_00020,indoors/scene_00020/scan_00186,1,5,5,1.0,0.9696969696969697,0.0,0,608112.8922617167,5237.009672799022,5237.009672799022
38,indoors,scene_00020,indoors/scene_00020/scan_00186,3,5;1;9,5;1;9,1.0,0.9696969696969697,0.0,0,608112.8922617167,8391.46982908575,8391.46982908575
38,indoors,scene_00020,indoors/scene_00020/scan_00186,6,5;1;9;3;7;0,5;1;9;3;7;0,1.0,0.9696969696969697,0.0,0,608112.8922617167,8858.60524775965,8858.60524775965
39,indoors,scene_00020,indoors/scene_00020/scan_00186,1,9,9,1.0,1.0,0.0,0,951339.3909057069,3405.3484545086862,3405.3484545086862
39,indoors,scene_00020,indoors/scene_00020/scan_00186,3,9;5;3,9;5;3,1.0,1.0,0.0,0,951339.3909057069,4471.311126748149,4471.311126748149
39,indoors,scene_00020,indoors/scene_00020/scan_00186,6,9;5;3;0;2;8,9;5;3;0;2;8,1.0,1.0,0.0,0,951339.3909057069,4531.858862770444,4531.858862770444
40,indoors,scene_00020,indoors/scene_00020/scan_00187,1,8,8,1.0,0.9090909090909091,0.0,0,398141.81578421197,1236.7417975359417,1236.7417975359417
40,indoors,scene_00020,indoors/scene_00020/scan_00187,3,8;4;7,8;4;7,1.0,0.9090909090909091,0.0,0,398141.81578421197,1820.5058292773458,1820.5058292773458
40,indoors,scene_00020,indoors/scene_00020/scan_00187,6,8;4;7;1;2;11,8;4;7;1;2;11,1.0,0.9090909090909091,0.0,0,398141.81578421197,1849.2338459475734,1849.2338459475734
41,indoors,scene_00020,indoors/scene_00020/scan_00187,1,7,7,1.0,0.9696969696969697,0.0,0,1132169.841127805,132868.0350171539,132868.0350171539
41,indoors,scene_00020,indoors/scene_00020/scan_00187,3,7;3;5,7;3;5,1.0,0.9696969696969697,0.0,0,1132169.841127805,166446.56979439556,166446.56979439556
41,indoors,scene_00020,indoors/scene_00020/scan_00187,6,7;3;5;2;10;0,7;3;5;2;10;0,1.0,0.9696969696969697,0.0,0,1132169.841127805,166966.62064917115,166966.62064917115
42,indoors,scene_00020,indoors/scene_00020/scan_00187,1,5,5,1.0,0.8484848484848485,0.0,0,466177.92562071234,717.4415178849774,717.4415178849774
42,indoors,scene_00020,indoors/scene_00020/scan_00187,3,5;6;10,5;6;7,0.5,0.8484848484848485,1.0,0,466177.92562071234,1454.390066284597,1448.460781703225
42,indoors,scene_00020,indoors/scene_00020/scan_00187,6,5;6;10;7;4;8,5;6;7;4;10;3,0.7142857142857143,0.8484848484848485,1.0,0,466177.92562071234,1682.943969312074,1681.3049581716696
43,indoors,scene_00020,indoors/scene_00020/scan_00187,1,8,8,1.0,1.0,0.0,0,1249025.9683994998,30.672094874379738,30.672094874379738
43,indoors,scene_00020,indoors/scene_00020/scan_00187,3,8;0;3,8;0;3,1.0,1.0,0.0,0,1249025.9683994998,60.33318637542869,60.33318637542869
43,indoors,scene_00020,indoors/scene_00020/scan_00187,6,8;0;3;4;2;11,8;0;3;4;2;11,1.0,1.0,0.0,0,1249025.9683994998,80.89153570807072,80.89153570807072
44,indoors,scene_00020,indoors/scene_00020/scan_00187,1,0,0,1.0,0.9393939393939394,0.0,0,535108.1868300906,659.4604130195867,659.4604130195867
44,indoors,scene_00020,indoors/scene_00020/scan_00187,3,0;5;4,0;5;4,1.0,0.9393939393939394,0.0,0,535108.1868300906,944.7014839712134,944.7014839712134
44,indoors,scene_00020,indoors/scene_00020/scan_00187,6,0;5;4;9;1;8,0;5;4;9;1;8,1.0,0.9393939393939394,0.0,0,535108.1868300906,566.3175025603243,566.3175025603243
45,indoors,scene_00020,indoors/scene_00020/scan_00187,1,7,7,1.0,1.0,0.0,0,289017.5283532424,5373.548019952358,5373.548019952358
45,indoors,scene_00020,indoors/scene_00020/scan_00187,3,7;3;11,7;3;11,1.0,1.0,0.0,0,289017.5283532424,8159.939098226733,8159.939098226733
45,indoors,scene_00020,indoors/scene_00020/scan_00187,6,7;3;11;5;9;10,7;3;11;5;9;10,1.0,1.0,0.0,0,289017.5283532424,8684.467686716798,8684.467686716798
46,indoors,scene_00020,indoors/scene_00020/scan_00187,1,1,7,0.0,0.9090909090909091,1.0,0,229661.5195472822,836.3865898724532,676.4244878984572
46,indoors,scene_00020,indoors/scene_00020/scan_00187,3,1;7;8,7;1;8,1.0,0.9090909090909091,0.0,0,229661.5195472822,1779.705572751607,1779.705572751607
46,indoors,scene_00020,indoors/scene_00020/scan_00187,6,1;7;8;0;10;5,7;1;8;10;5;0,1.0,0.9090909090909091,0.0,0,229661.5195472822,2402.5740492148507,2402.5740492148507
47,indoors,scene_00020,indoors/scene_00020/scan_00187,1,2,11,0.0,0.8787878787878788,1.0,0,297177.03417633404,716.0394085662858,709.9186358379088
47,indoors,scene_00020,indoors/scene_00020/scan_00187,3,2;11;9,11;2;9,1.0,0.8787878787878788,0.0,0,297177.03417633404,1844.359253706455,1844.359253706455
47,indoors,scene_00020,indoors/scene_00020/scan_00187,6,2;11;9;7;0;8,11;2;9;7;1;0,0.7142857142857143,0.8787878787878788,1.0,0,297177.03417633404,2397.6211928634566,2396.218690274799
48,indoors,scene_00020,indoors/scene_00020/scan_00187,1,6,6,1.0,0.9393939393939394,0.0,0,315005.44815053814,893.7169315442906,893.7169315442906
48,indoors,scene_00020,indoors/scene_00020/scan_00187,3,6;10;2,6;10;2,1.0,0.9393939393939394,0.0,0,315005.44815053814,1532.283206392443,1532.283206392443
48,indoors,scene_00020,indoors/scene_00020/scan_00187,6,6;10;2;11;1;8,6;10;2;8;11;1,1.0,0.9393939393939394,0.0,0,315005.44815053814,1899.9989662614105,1899.9989662614105
49,indoors,scene_00020,indoors/scene_00020/scan_00187,1,10,10,1.0,1.0,0.0,0,501967.9069922465,62.49310357873702,62.49310357873702
49,indoors,scene_00020,indoors/scene_00020/scan_00187,3,10;3;4,10;3;4,1.0,1.0,0.0,0,501967.9069922465,152.75986516449413,152.75986516449413
49,indoors,scene_00020,indoors/scene_00020/scan_00187,6,10;3;4;0;2;1,10;3;4;0;2;1,1.0,1.0,0.0,0,501967.9069922465,183.09765328950314,183.09765328950314
50,indoors,scene_00021,indoors/scene_00021/scan_00188,1,5,5,1.0,0.9393939393939394,0.0,0,982260.1200344412,1949.260867075246,1949.260867075246
50,indoors,scene_00021,indoors/scene_00021/scan_00188,3,5;11;3,5;11;3,1.0,0.9393939393939394,0.0,0,982260.1200344412,1960.8784848244866,1960.8784848244866
50,indoors,scene_00021,indoors/scene_00021/scan_00188,6,5;11;3;7;2;9,5;11;3;7;9;2,1.0,0.9393939393939394,0.0,0,982260.1200344412,1895.166332724751,1895.166332724751
51,indoors,scene_00021,indoors/scene_00021/scan_00188,1,0,0,1.0,1.0,0.0,0,795778.4195440974,2374.436464792476,2374.436464792476
51,indoors,scene_00021,indoors/scene_00021/scan_00188,3,0;10;3,0;10;3,1.0,1.0,0.0,0,795778.4195440974,3199.944790174386,3199.944790174386
51,indoors,scene_00021,indoors/scene_00021/scan_00188,6,0;10;3;7;2;6,0;10;3;7;2;6,1.0,1.0,0.0,0,795778.4195440974,3711.0983981446384,3711.0983981446384
52,indoors,scene_00021,indoors/scene_00021/scan_00188,1,2,2,1.0,0.9696969696969697,0.0,0,939374.0436092353,19828.433434545124,19828.433434545124
52,indoors,scene_00021,indoors/scene_00021/scan_00188,3,2;1;7,2;1;7,1.0,0.9696969696969697,0.0,0,939374.0436092353,25906.301051317572,25906.301051317572
52,indoors,scene_00021,indoors/scene_00021/scan_00188,6,2;1;7;8;11;3,2;1;7;8;11;3,1.0,0.9696969696969697,0.0,0,939374.0436092353,26253.05746159593,26253.05746159593
53,indoors,scene_00021,indoors/scene_00021/scan_00188,1,6,6,1.0,1.0,0.0,0,675847.3472308875,9585.024516689004,9585.024516689004
53,indoors,scene_00021,indoors/scene_00021/scan_00188,3,6;1;0,6;1;0,1.0,1.0,0.0,0,675847.3472308875,9622.411019430918,9622.411019430918
53,indoors,scene_00021,indoors/scene_00021/scan_00188,6,6;1;0;4;8;2,6;1;0;4;8;2,1.0,1.0,0.0,0,675847.3472308875,9443.429250299001,9443.429250299001
54,indoors,scene_00021,indoors/scene_00021/scan_00188,1,10,10,1.0,1.0,0.0,0,403477.9545687015,5881.514772552304,5881.514772552304
54,indoors,scene_00021,indoors/scene_00021/scan_00188,3,10;3;6,10;3;6,1.0,1.0,0.0,0,403477.9545687015,6015.721333747969,6015.721333747969
54,indoors,scene_00021,indoors/scene_00021/scan_00188,6,10;3;6;8;1;5,10;3;6;8;1;5,1.0,1.0,0.0,0,403477.9545687015,6030.018867541496,6030.018867541496
55,indoors,scene_00021,indoors/scene_00021/scan_00188,1,6,6,1.0,1.0,0.0,0,741974.4696225293,2001.2171799089056,2001.2171799089056
55,indoors,scene_00021,indoors/scene_00021/scan_00188,3,6;3;5,6;3;5,1.0,1.0,0.0,0,741974.4696225293,2042.299864074195,2042.299864074195
55,indoors,scene_00021,indoors/scene_00021/scan_00188,6,6;3;5;2;1;9,6;3;5;2;1;9,1.0,1.0,0.0,0,741974.4696225293,2040.4860943160286,2040.4860943160286
56,indoors,scene_00021,indoors/scene_00021/scan_00188,1,8,8,1.0,1.0,0.0,0,601257.2698518732,14807.164834395237,14807.164834395237
56,indoors,scene_00021,indoors/scene_00021/scan_00188,3,8;10;2,8;10;2,1.0,1.0,0.0,0,601257.2698518732,15435.10006532656,15435.10006532656
56,indoors,scene_00021,indoors/scene_00021/scan_00188,6,8;10;2;4;0;11,8;10;2;4;0;11,1.0,1.0,0.0,0,601257.2698518732,15531.635621431637,15531.635621431637
57,indoors,scene_00021,indoors/scene_00021/scan_00188,1,0,5,0.0,0.9696969696969697,1.0,0,436474.2323477267,1337.7174072499258,941.6752656411575
57,indoors,scene_00021,indoors/scene_00021/scan_00188,3,0;5;7,5;0;7,1.0,0.9696969696969697,0.0,0,436474.2323477267,3044.8086797564847,3044.8086797564847
57,indoors,scene_00021,indoors/scene_00021/scan_00188,6,0;5;7;6;4;8,5;0;7;6;4;8,1.0,0.9696969696969697,0.0,0,436474.2323477267,4330.991468889778,4330.991468889778
58,indoors,scene_00021,indoors/scene_00021/scan_00188,1,2,2,1.0,0.9696969696969697,0.0,0,349800.50344114343,1448.4635913398367,1448.4635913398367
58,indoors,scene_00021,indoors/scene_00021/scan_00188,3,2;8;1,2;8;3,0.5,0.9696969696969697,1.0,0,349800.50344114343,2045.4873137213415,1904.781912791518
58,indoors,scene_00021,indoors/scene_00021/scan_00188,6,2;8;1;3;11;6,2;8;3;1;11;6,1.0,0.9696969696969697,0.0,0,349800.50344114343,2258.2693170220205,2258.2693170220205
59,indoors,scene_00021,indoors/scene_00021/scan_00188,1,7,7,1.0,1.0,0.0,0,466517.6649835682,2382.2069175940755,2382.2069175940755
59,indoors,scene_00021,indoors/scene_00021/scan_00188,3,7;6;10,7;6;10,1.0,1.0,0.0,0,466517.6649835682,3254.4370585452475,3254.4370585452475
59,indoors,scene_00021,indoors/scene_00021/scan_00188,6,7;6;10;9;5;0,7;6;10;9;5;0,1.0,1.0,0.0,0,466517.6649835682,3510.3107377456136,3510.3107377456136
60,indoors,scene_00021,indoors/scene_00021/scan_00189,1,11,11,1.0,1.0,0.0,0,2557974.973550242,338842.66318430897,338842.66318430897
60,indoors,scene_00021,indoors/scene_00021/scan_00189,3,11;10;0,11;10;0,1.0,1.0,0.0,0,2557974.973550242,406317.6689614552,406317.6689614552
60,indoors,scene_00021,indoors/scene_00021/scan_00189,6,11;10;0;2;9;5,11;10;0;2;9;5,1.0,1.0,0.0,0,2557974.973550242,406533.6786603321,406533.6786603321
61,indoors,scene_00021,indoors/scene_00021/scan_00189,1,11,11,1.0,0.9393939393939394,0.0,0,2298673.77338729,82095.62536793525,82095.62536793525
61,indoors,scene_00021,indoors/scene_00021/scan_00189,3,11;8;4,11;8;4,1.0,0.9393939393939394,0.0,0,2298673.77338729,82112.02830119376,82112.02830119376
61,indoors,scene_00021,indoors/scene_00021/scan_00189,6,11;8;4;9;5;6,11;8;4;9;5;2,0.7142857142857143,0.9393939393939394,1.0,0,2298673.77338729,82116.48294077572,82115.83080863074
62,indoors,scene_00021,indoors/scene_00021/scan_00189,1,2,2,1.0,1.0,0.0,0,447741.62230553216,1272.0529191065198,1272.0529191065198
62,indoors,scene_00021,indoors/scene_00021/scan_00189,3,2;9;11,2;9;11,1.0,1.0,0.0,0,447741.62230553216,2191.27982259227,2191.27982259227
62,indoors,scene_00021,indoors/scene_00021/scan_00189,6,2;9;11;0;7;3,2;9;11;0;7;3,1.0,1.0,0.0,0,447741.62230553216,2277.2548970730136,2277.2548970730136
63,indoors,scene_00021,indoors/scene_00021/scan_00189,1,2,2,1.0,1.0,0.0,0,496881.2418892988,3115.7110440603715,3115.7110440603715
63,indoors,scene_00021,indoors/scene_00021/scan_00189,3,2;0;11,2;0;11,1.0,1.0,0.0,0,496881.2418892988,4319.462335484534,4319.462335484534
63,indoors,scene_00021,indoors/scene_00021/scan_00189,6,2;0;11;3;8;7,2;0;11;3;8;7,1.0,1.0,0.0,0,496881.2418892988,4328.304601635826,4328.304601635826
64,indoors,scene_00021,indoors/scene_00021/scan_00189,1,9,0,0.0,0.9090909090909091,1.0,0,316376.2926255057,620.0089873669482,614.3451301817043
64,indoors,scene_00021,indoors/scene_00021/scan_00189,3,9;0;4,0;9;4,1.0,0.9090909090909091,0.0,0,316376.2926255057,1315.9950259329305,1315.9950259329305
64,indoors,scene_00021,indoors/scene_00021/scan_00189,6,9;0;4;2;11;7,0;9;4;2;8;11,0.7142857142857143,0.9090909090909091,1.0,0,316376.2926255057,1300.3388138686512,1291.9942862757757
65,indoors,scene_00021,indoors/scene_00021/scan_00189,1,2,2,1.0,0.9393939393939394,0.0,0,402862.3801245373,2201.7230636546324,2201.7230636546324
65,indoors,scene_00021,indoors/scene_00021/scan_00189,3,2;7;1,2;7;1,1.0,0.9393939393939394,0.0,0,402862.3801245373,3608.2722215865547,3608.2722215865547
65,indoors,scene_00021,indoors/scene_00021/scan_00189,6,2;7;1;11;6;5,2;7;1;11;3;6,0.7142857142857143,0.9393939393939394,1.0,0,402862.3801245373,4414.931573015324,4365.835063869175
66,indoors,scene_00021,indoors/scene_00021/scan_00189,1,3,3,1.0,0.9696969696969697,0.0,0,811666.4949265493,453.150063773475,453.150063773475
66,indoors,scene_00021,indoors/scene_00021/scan_00189,3,3;7;0,3;7;0,1.0,0.9696969696969697,0.0,0,811666.4949265493,733.3434725352354,733.3434725352354
66,indoors,scene_00021,indoors/scene_00021/scan_00189,6,3;7;0;9;5;4,3;7;0;9;5;4,1.0,0.9696969696969697,0.0,0,811666.4949265493,750.3449549037813,750.3449549037813
67,indoors,scene_00021,indoors/scene_00021/scan_00189,1,1,1,1.0,0.9696969696969697,0.0,0,772382.9243008943,6789.114901567655,6789.114901567655
67,indoors,scene_00021,indoors/scene_00021/scan_00189,3,1;6;11,1;6;11,1.0,0.9696969696969697,0.0,0,772382.9243008943,6879.314626881205,6879.314626881205
67,indoors,scene_00021,indoors/scene_00021/scan_00189,6,1;6;11;7;3;9,1;6;11;7;3;9,1.0,0.9696969696969697,0.0,0,772382.9243008943,6860.174882110593,6860.174882110593
68,indoors,scene_00021,indoors/scene_00021/scan_00189,1,1,1,1.0,0.9696969696969697,0.0,0,1874584.7527887705,46150.41222763338,46150.41222763338
68,indoors,scene_00021,indoors/scene_00021/scan_00189,3,1;6;8,1;6;8,1.0,0.9696969696969697,0.0,0,1874584.7527887705,55263.87887865734,55263.87887865734
68,indoors,scene_00021,indoors/scene_00021/scan_00189,6,1;6;8;10;9;0,1;6;8;10;9;0,1.0,0.9696969696969697,0.0,0,1874584.7527887705,55276.80849462777,55276.80849462777
69,indoors,scene_00021,indoors/scene_00021/scan_00189,1,6,6,1.0,1.0,0.0,0,671129.9791294124,1144.0136851142975,1144.0136851142975
69,indoors,scene_00021,indoors/scene_00021/scan_00189,3,6;5;2,6;5;2,1.0,1.0,0.0,0,671129.9791294124,1229.2957013249031,1229.2957013249031
69,indoors,scene_00021,indoors/scene_00021/scan_00189,6,6;5;2;4;0;3,6;5;2;4;0;3,1.0,1.0,0.0,0,671129.9791294124,1263.695968460518,1263.695968460518
70,indoors,scene_00021,indoors/scene_00021/scan_00190,1,0,0,1.0,1.0,0.0,0,607472.2151627791,120.2369285742117,120.2369285742117
70,indoors,scene_00021,indoors/scene_00021/scan_00190,3,0;1;5,0;1;5,1.0,1.0,0.0,0,607472.2151627791,244.34901382639757,244.34901382639757
70,indoors,scene_00021,indoors/scene_00021/scan_00190,6,0;1;5;11;7;10,0;1;5;11;7;10,1.0,1.0,0.0,0,607472.2151627791,251.0231956602636,251.0231956602636
71,indoors,scene_00021,indoors/scene_00021/scan_00190,1,2,2,1.0,0.9393939393939394,0.0,0,686449.1935592525,2981.4292031623677,2981.4292031623677
71,indoors,scene_00021,indoors/scene_00021/scan_00190,3,2;1;10,2;1;9,0.5,0.9393939393939394,1.0,0,686449.1935592525,5558.524075538578,5497.434368931629
71,indoors,scene_00021,indoors/scene_00021/scan_00190,6,2;1;10;9;5;11,2;1;9;5;10;11,1.0,0.9393939393939394,0.0,0,686449.1935592525,5847.762137233028,5847.762137233028
72,indoors,scene_00021,indoors/scene_00021/scan_00190,1,6,6,1.0,0.9393939393939394,0.0,0,283471.0583819126,282.9830806084308,282.9830806084308
72,indoors,scene_00021,indoors/scene_00021/scan_00190,3,6;3;11,6;4;3,0.5,0.9393939393939394,1.0,0,283471.0583819126,584.2848801534197,569.6006389638657
72,indoors,scene_00021,indoors/scene_00021/scan_00190,6,6;3;11;4;8;5,6;4;3;11;8;5,1.0,0.9393939393939394,0.0,0,283471.0583819126,729.256012018874,729.256012018874
73,indoors,scene_00021,indoors/scene_00021/scan_00190,1,4,8,0.0,0.8787878787878788,1.0,0,411864.79499209643,106.85799785365656,105.36283771266952
73,indoors,scene_00021,indoors/scene_00021/scan_00190,3,4;8;7,8;7;4,1.0,0.8787878787878788,0.0,0,411864.79499209643,287.4025974824375,287.4025974824375
73,indoors,scene_00021,indoors/scene_00021/scan_00190,6,4;8;7;11;0;9,8;7;4;11;0;9,1.0,0.8787878787878788,0.0,0,411864.79499209643,416.81283755870993,416.81283755870993
74,indoors,scene_00021,indoors/scene_00021/scan_00190,1,0,0,1.0,0.9696969696969697,0.0,0,1102918.1060598253,2524.2818591042396,2524.2818591042396
74,indoors,scene_00021,indoors/scene_00021/scan_00190,3,0;4;2,0;4;2,1.0,0.9696969696969697,0.0,0,1102918.1060598253,2642.204344122989,2642.204344122989
74,indoors,scene_00021,indoors/scene_00021/scan_00190,6,0;4;2;3;11;6,0;4;2;3;11;6,1.0,0.9696969696969697,0.0,0,1102918.1060598253,2648.8431654116457,2648.8431654116457
75,indoors,scene_00021,indoors/scene_00021/scan_00190,1,8,8,1.0,0.9696969696969697,0.0,0,315588.9064718688,698.1453371810289,698.1453371810289
75,indoors,scene_00021,indoors/scene_00021/scan_00190,3,8;0;2,8;0;3,0.5,0.9696969696969697,1.0,0,315588.9064718688,1077.1729093755882,1057.8096949483675
75,indoors,scene_00021,indoors/scene_00021/scan_00190,6,8;0;2;3;7;1,8;0;3;2;7;1,1.0,0.9696969696969697,0.0,0,315588.9064718688,1198.1015289474185,1198.1015289474185
76,indoors,scene_00021,indoors/scene_00021/scan_00190,1,10,10,1.0,0.9393939393939394,0.0,0,292400.1295952656,405.5455448959058,405.5455448959058
76,indoors,scene_00021,indoors/scene_00021/scan_00190,3,10;0;4,10;0;4,1.0,0.9393939393939394,0.0,0,292400.1295952656,932.0504394853647,932.0504394853647
76,indoors,scene_00021,indoors/scene_00021/scan_00190,6,10;0;4;8;3;11,10;0;4;8;11;3,1.0,0.9393939393939394,0.0,0,292400.1295952656,1291.796574911982,1291.7965749119821
77,indoors,scene_00021,indoors/scene_00021/scan_00190,1,9,9,1.0,0.9696969696969697,0.0,0,480683.92143154476,1885.7190221625983,1885.7190221625983
77,indoors,scene_00021,indoors/scene_00021/scan_00190,3,9;10;8,9;8;10,1.0,0.9696969696969697,0.0,0,480683.92143154476,4279.9068546726985,4279.9068546726985
77,indoors,scene_00021,indoors/scene_00021/scan_00190,6,9;10;8;7;11;4,9;8;10;7;11;4,1.0,0.9696969696969697,0.0,0,480683.92143154476,4872.45580786152,4872.45580786152
78,indoors,scene_00021,indoors/scene_00021/scan_00190,1,9,9,1.0,0.9393939393939394,0.0,0,286746.11747516063,1172.7371106693852,1172.7371106693852
78,indoors,scene_00021,indoors/scene_00021/scan_00190,3,9;10;4,9;10;4,1.0,0.9393939393939394,0.0,0,286746.11747516063,1918.4530669690164,1918.4530669690164
78,indoors,scene_00021,indoors/scene_00021/scan_00190,6,9;10;4;8;11;0,9;10;4;8;11;0,1.0,0.9393939393939394,0.0,0,286746.11747516063,2274.0382039024707,2274.0382039024707
79,indoors,scene_00021,indoors/scene_00021/scan_00190,1,4,4,1.0,1.0,0.0,0,1613618.188925884,203630.61791408327,203630.61791408327
79,indoors,scene_00021,indoors/scene_00021/scan_00190,3,4;8;11,4;8;11,1.0,1.0,0.0,0,1613618.188925884,206700.14361989198,206700.14361989198
79,indoors,scene_00021,indoors/scene_00021/scan_00190,6,4;8;11;1;6;5,4;8;11;1;6;5,1.0,1.0,0.0,0,1613618.188925884,206737.791720319,206737.791720319
80,indoors,scene_00021,indoors/scene_00021/scan_00191,1,2,2,1.0,0.8787878787878788,0.0,0,421960.86344271956,106.41446885197544,106.41446885197544
80,indoors,scene_00021,indoors/scene_00021/scan_00191,3,2;0;9,2;0;4,0.5,0.8787878787878788,1.0,0,421960.86344271956,187.00279407933942,186.63575382032363
80,indoors,scene_00021,indoors/scene_00021/scan_00191,6,2;0;9;4;3;10,2;0;4;9;10;3,1.0,0.8787878787878788,0.0,0,421960.86344271956,254.15204207540017,254.1520420754002
81,indoors,scene_00021,indoors/scene_00021/scan_00191,1,7,7,1.0,0.9090909090909091,0.0,0,424276.0780177265,312.41525787959665,312.41525787959665
81,indoors,scene_00021,indoors/scene_00021/scan_00191,3,7;4;1,7;1;4,1.0,0.9090909090909091,0.0,0,424276.0780177265,475.7718642656414,475.7718642656414
81,indoors,scene_00021,indoors/scene_00021/scan_00191,6,7;4;1;11;8;9,7;1;4;11;9;5,0.7142857142857143,0.9090909090909091,1.0,0,424276.0780177265,523.0569352850135,518.4137434023455
82,indoors,scene_00021,indoors/scene_00021/scan_00191,1,9,9,1.0,1.0,0.0,0,930495.5131564231,9308.211024403601,9308.211024403601
82,indoors,scene_00021,indoors/scene_00021/scan_00191,3,9;5;1,9;5;1,1.0,1.0,0.0,0,930495.5131564231,11434.79557783339,11434.79557783339
82,indoors,scene_00021,indoors/scene_00021/scan_00191,6,9;5;1;4;0;11,9;5;1;4;0;11,1.0,1.0,0.0,0,930495.5131564231,11564.867188198228,11564.867188198228
83,indoors,scene_00021,indoors/scene_00021/scan_00191,1,5,8,0.0,0.8787878787878788,1.0,0,1095039.2376962213,1385.5533507053667,1224.8516108676106
83,indoors,scene_00021,indoors/scene_00021/scan_00191,3,5;8;9,8;5;9,1.0,0.8787878787878788,0.0,0,1095039.2376962213,3004.547757806613,3004.547757806613
83,indoors,scene_00021,indoors/scene_00021/scan_00191,6,5;8;9;1;0;6,8;5;9;0;6;2,0.7142857142857143,0.8787878787878788,1.0,0,1095039.2376962213,3386.1401018638217,3308.9553048527373
84,indoors,scene_00021,indoors/scene_00021/scan_00191,1,4,4,1.0,0.9393939393939394,0.0,0,460301.7297327091,377.40939550491703,377.40939550491703
84,indoors,scene_00021,indoors/scene_00021/scan_00191,3,4;2;7,4;2;7,1.0,0.9393939393939394,0.0,0,460301.7297327091,447.467624656573,447.467624656573
84,indoors,scene_00021,indoors/scene_00021/scan_00191,6,4;2;7;3;6;11,4;2;7;3;6;11,1.0,0.9393939393939394,0.0,0,460301.7297327091,473.41472100235393,473.41472100235393
85,indoors,scene_00021,indoors/scene_00021/scan_00191,1,0,0,1.0,0.9393939393939394,0.0,0,472268.0708563869,6345.23844311828,6345.23844311828
85,indoors,scene_00021,indoors/scene_00021/scan_00191,3,0;1;6,0;1;6,1.0,0.9393939393939394,0.0,0,472268.0708563869,7910.922443056621,7910.922443056621
85,indoors,scene_00021,indoors/scene_00021/scan_00191,6,0;1;6;2;11;7,0;1;6;11;2;7,1.0,0.9393939393939394,0.0,0,472268.0708563869,8206.534182288016,8206.534182288016
86,indoors,scene_00021,indoors/scene_00021/scan_00191,1,0,0,1.0,0.8787878787878788,0.0,0,644343.6386865758,844.154588146284,844.154588146284
86,indoors,scene_00021,indoors/scene_00021/scan_00191,3,0;1;8,0;1;8,1.0,0.8787878787878788,0.0,0,644343.6386865758,1998.2493871203656,1998.2493871203656
86,indoors,scene_00021,indoors/scene_00021/scan_00191,6,0;1;8;11;7;4,0;1;8;11;7;10,0.7142857142857143,0.8787878787878788,1.0,0,644343.6386865758,2000.533867069388,1961.5924056245722
87,indoors,scene_00021,indoors/scene_00021/scan_00191,1,10,10,1.0,0.9393939393939394,0.0,0,560152.5176209874,283.27672268629715,283.27672268629715
87,indoors,scene_00021,indoors/scene_00021/scan_00191,3,10;11;8,10;11;8,1.0,0.9393939393939394,0.0,0,560152.5176209874,677.5445916775773,677.5445916775773
87,indoors,scene_00021,indoors/scene_00021/scan_00191,6,10;11;8;5;7;6,10;11;8;5;3;7,0.7142857142857143,0.9393939393939394,1.0,0,560152.5176209874,859.677706891982,856.9294700436432
88,indoors,scene_00021,indoors/scene_00021/scan_00191,1,4,4,1.0,1.0,0.0,0,510490.7425107981,47.620026351119556,47.620026351119556
88,indoors,scene_00021,indoors/scene_00021/scan_00191,3,4;0;1,4;0;1,1.0,1.0,0.0,0,510490.7425107981,91.04856419001867,91.04856419001867
88,indoors,scene_00021,indoors/scene_00021/scan_00191,6,4;0;1;2;6;5,4;0;1;2;6;5,1.0,1.0,0.0,0,510490.7425107981,100.98680577730009,100.98680577730009
89,indoors,scene_00021,indoors/scene_00021/scan_00191,1,10,10,1.0,0.9090909090909091,0.0,0,642992.5453417526,618.4476376452712,618.4476376452712
89,indoors,scene_00021,indoors/scene_00021/scan_00191,3,10;11;5,10;11;5,1.0,0.9090909090909091,0.0,0,642992.5453417526,685.9242366605098,685.9242366605098
89,indoors,scene_00021,indoors/scene_00021/scan_00191,6,10;11;5;1;2;3,10;11;5;1;2;3,1.0,0.9090909090909091,0.0,0,642992.5453417526,705.3853839410522,705.3853839410522
90,indoors,scene_00021,indoors/scene_00021/scan_00192,1,2,9,0.0,0.9696969696969697,1.0,0,314020.40798209887,1155.9695753768428,769.4608197946379
90,indoors,scene_00021,indoors/scene_00021/scan_00192,3,2;9;3,9;2;3,1.0,0.9696969696969697,0.0,0,314020.40798209887,2677.2163105822456,2677.2163105822456
90,indoors,scene_00021,indoors/scene_00021/scan_00192,6,2;9;3;8;4;5,9;2;3;8;4;5,1.0,0.9696969696969697,0.0,0,314020.40798209887,2716.9287340894375,2716.9287340894375
91,indoors,scene_00021,indoors/scene_00021/scan_00192,1,11,11,1.0,0.9393939393939394,0.0,0,269545.00802724325,1017.1972695657275,1017.1972695657275
91,indoors,scene_00021,indoors/scene_00021/scan_00192,3,11;10;4,11;10;1,0.5,0.9393939393939394,1.0,0,269545.00802724325,1821.1529279302433,1814.9230424877537
91,indoors,scene_00021,indoors/scene_00021/scan_00192,6,11;10;4;1;5;2,11;10;1;4;5;2,1.0,0.9393939393939394,0.0,0,269545.00802724325,1956.387335909917,1956.387335909917
92,indoors,scene_00021,indoors/scene_00021/scan_00192,1,0,0,1.0,1.0,0.0,0,2006336.0354717933,652537.0595806027,652537.0595806027
92,indoors,scene_00021,indoors/scene_00021/scan_00192,3,0;1;4,0;1;4,1.0,1.0,0.0,0,2006336.0354717933,653237.3706649464,653237.3706649464
92,indoors,scene_00021,indoors/scene_00021/scan_00192,6,0;1;4;8;2;5,0;1;4;8;2;5,1.0,1.0,0.0,0,2006336.0354717933,653404.2640889683,653404.2640889683
93,indoors,scene_00021,indoors/scene_00021/scan_00192,1,5,5,1.0,0.9696969696969697,0.0,0,728969.8199434819,3612.40899612816,3612.40899612816
93,indoors,scene_00021,indoors/scene_00021/scan_00192,3,5;1;4,5;1;4,1.0,0.9696969696969697,0.0,0,728969.8199434819,6279.89218473058,6279.89218473058
93,indoors,scene_00021,indoors/scene_00021/scan_00192,6,5;1;4;10;6;7,5;1;4;10;6;7,1.0,0.9696969696969697,0.0,0,728969.8199434819,6295.485480755469,6295.485480755469
94,indoors,scene_00021,indoors/scene_00021/scan_00192,1,10,11,0.0,0.9696969696969697,1.0,0,628466.3907040425,523.5797432956795,480.8486316180571
94,indoors,scene_00021,indoors/scene_00021/scan_00192,3,10;11;1,11;10;1,1.0,0.9696969696969697,0.0,0,628466.3907040425,1015.3556354431158,1015.3556354431158
94,indoors,scene_00021,indoors/scene_00021/scan_00192,6,10;11;1;6;3;7,11;10;1;6;3;7,1.0,0.9696969696969697,0.0,0,628466.3907040425,998.8437520824243,998.8437520824243
95,indoors,scene_00021,indoors/scene_00021/scan_00192,1,7,7,1.0,1.0,0.0,0,899884.6726203479,103.45223879322285,103.45223879322285
95,indoors,scene_00021,indoors/scene_00021/scan_00192,3,7;6;3,7;6;3,1.0,1.0,0.0,0,899884.6726203479,206.66988258553278,206.66988258553278
95,indoors,scene_00021,indoors/scene_00021/scan_00192,6,7;6;3;2;1;4,7;6;3;2;1;4,1.0,1.0,0.0,0,899884.6726203479,143.8502522599982,143.8502522599982
96,indoors,scene_00021,indoors/scene_00021/scan_00192,1,2,5,0.0,0.9696969696969697,1.0,0,1217761.9379345733,5123.471305420552,4419.437772263772
96,indoors,scene_00021,indoors/scene_00021/scan_00192,3,2;5;10,5;2;10,1.0,0.9696969696969697,0.0,0,1217761.9379345733,9599.966100334148,9599.966100334148
96,indoors,scene_00021,indoors/scene_00021/scan_00192,6,2;5;10;11;9;8,5;2;10;11;9;8,1.0,0.9696969696969697,0.0,0,1217761.9379345733,9590.033476474884,9590.033476474884
97,indoors,scene_00021,indoors/scene_00021/scan_00192,1,10,10,1.0,0.9696969696969697,0.0,0,680916.8295380414,3740.244659681727,3740.244659681727
97,indoors,scene_00021,indoors/scene_00021/scan_00192,3,10;3;5,10;3;5,1.0,0.9696969696969697,0.0,0,680916.8295380414,3825.435745256769,3825.435745256769
97,indoors,scene_00021,indoors/scene_00021/scan_00192,6,10;3;5;0;9;1,10;3;5;0;9;1,1.0,0.9696969696969697,0.0,0,680916.8295380414,3823.9971964025785,3823.9971964025785
98,indoors,scene_00021,indoors/scene_00021/scan_00192,1,3,3,1.0,0.9696969696969697,0.0,0,295474.77423972404,6425.7214170242905,6425.7214170242905
98,indoors,scene_00021,indoors/scene_00021/scan_00192,3,3;0;11,3;0;11,1.0,0.9696969696969697,0.0,0,295474.77423972404,11106.339899560096,11106.339899560096
98,indoors,scene_00021,indoors/scene_00021/scan_00192,6,3;0;11;5;4;8,3;0;11;5;4;8,1.0,0.9696969696969697,0.0,0,295474.77423972404,11096.393052524669,11096.393052524669
99,indoors,scene_00021,indoors/scene_00021/scan_00192,1,8,8,1.0,0.9696969696969697,0.0,0,537557.2181014083,221.5018987065378,221.5018987065378
99,indoors,scene_00021,indoors/scene_00021/scan_00192,3,8;4;1,8;4;1,1.0,0.9696969696969697,0.0,0,537557.2181014083,290.7226204316929,290.7226204316929
99,indoors,scene_00021,indoors/scene_00021/scan_00192,6,8;4;1;3;0;2,8;4;1;3;0;2,1.0,0.9696969696969697,0.0,0,537557.2181014083,283.9923209455908,283.9923209455908
100,outdoor,scene_00022,outdoor/scene_00022/scan_00193,1,0,0,1.0,1.0,0.0,0,835351.2758342769,1090.598215777352,1090.598215777352
100,outdoor,scene_00022,outdoor/scene_00022/scan_00193,3,0;5;9,0;5;9,1.0,1.0,0.0,0,835351.2758342769,1104.9938591863615,1104.9938591863615
100,outdoor,scene_00022,outdoor/scene_00022/scan_00193,6,0;5;9;6;10;8,0;5;9;6;10;8,1.0,1.0,0.0,0,835351.2758342769,1075.6115906931625,1075.6115906931625
101,outdoor,scene_00022,outdoor/scene_00022/scan_00193,1,0,0,1.0,0.9696969696969697,0.0,0,386438.51902071084,1149.0045895022417,1149.0045895022417
101,outdoor,scene_00022,outdoor/scene_00022/scan_00193,3,0;5;11,0;5;11,1.0,0.9696969696969697,0.0,0,386438.51902071084,1228.5859806362375,1228.5859806362375
101,outdoor,scene_00022,outdoor/scene_00022/scan_00193,6,0;5;11;10;9;8,0;5;11;10;9;8,1.0,0.9696969696969697,0.0,0,386438.51902071084,1238.0408822445133,1238.0408822445133
102,outdoor,scene_00022,outdoor/scene_00022/scan_00193,1,3,5,0.0,0.9393939393939394,1.0,0,497772.8520274309,436.57494421973666,375.7022576154852
102,outdoor,scene_00022,outdoor/scene_00022/scan_00193,3,3;5;2,5;2;3,1.0,0.9393939393939394,0.0,0,497772.8520274309,1167.9265910702743,1167.9265910702745
102,outdoor,scene_00022,outdoor/scene_00022/scan_00193,6,3;5;2;7;8;1,5;2;3;7;8;1,1.0,0.9393939393939394,0.0,0,497772.8520274309,1574.3342204706373,1574.3342204706375
103,outdoor,scene_00022,outdoor/scene_00022/scan_00193,1,7,2,0.0,0.7878787878787878,1.0,1,380182.3563388182,3295.3205999275892,173.9435185477603
103,outdoor,scene_00022,outdoor/scene_00022/scan_00193,3,7;1;6,2;7;1,0.5,0.7878787878787878,1.0,1,380182.3563388182,5300.6195339510095,4627.084450432314
103,outdoor,scene_00022,outdoor/scene_00022/scan_00193,6,7;1;6;10;5;2,2;7;1;6;5;10,1.0,0.7878787878787878,0.0,1,380182.3563388182,6169.068280507175,6169.068280507175
104,outdoor,scene_00022,outdoor/scene_00022/scan_00193,1,5,5,1.0,0.9696969696969697,0.0,0,535138.2817723014,800.54114869887,800.54114869887
104,outdoor,scene_00022,outdoor/scene_00022/scan_00193,3,5;4;2,5;2;4,1.0,0.9696969696969697,0.0,0,535138.2817723014,1529.6388071540657,1529.638807154066
104,outdoor,scene_00022,outdoor/scene_00022/scan_00193,6,5;4;2;1;3;0,5;2;4;1;3;0,1.0,0.9696969696969697,0.0,0,535138.2817723014,1715.8656931635578,1715.865693163558
105,outdoor,scene_00022,outdoor/scene_00022/scan_00193,1,3,3,1.0,1.0,0.0,0,2706781.269221188,60561.56659899259,60561.56659899259
105,outdoor,scene_00022,outdoor/scene_00022/scan_00193,3,3;6;9,3;6;9,1.0,1.0,0.0,0,2706781.269221188,61387.89017307594,61387.89017307594
105,outdoor,scene_00022,outdoor/scene_00022/scan_00193,6,3;6;9;5;10;11,3;6;9;5;10;11,1.0,1.0,0.0,0,2706781.269221188,61648.06986783978,61648.06986783978
106,outdoor,scene_00022,outdoor/scene_00022/scan_00193,1,7,7,1.0,0.8787878787878788,0.0,0,6215278.458996482,380355.8381339243,380355.8381339243
106,outdoor,scene_00022,outdoor/scene_00022/scan_00193,3,7;6;3,7;3;1,0.5,0.8787878787878788,1.0,0,6215278.458996482,743239.4742406514,583557.6401318426
106,outdoor,scene_00022,outdoor/scene_00022/scan_00193,6,7;6;3;1;2;5,7;3;1;6;2;5,1.0,0.8787878787878788,0.0,0,6215278.458996482,857890.6031564764,857890.6031564764
107,outdoor,scene_00022,outdoor/scene_00022/scan_00193,1,5,0,0.0,0.8181818181818182,1.0,0,6034213.106480744,727185.6948438993,111463.83574525235
107,outdoor,scene_00022,outdoor/scene_00022/scan_00193,3,5;6;7,0;5;6,0.5,0.8181818181818182,1.0,0,6034213.106480744,1716914.28839543,1466299.6957377559
107,outdoor,scene_00022,outdoor/scene_00022/scan_00193,6,5;6;7;2;1;0,0;5;6;7;1;2,1.0,0.8181818181818182,0.0,0,6034213.106480744,2173178.7920004837,2173178.792000484
108,outdoor,scene_00022,outdoor/scene_00022/scan_00193,1,2,2,1.0,0.9696969696969697,0.0,0,2744171.7544717444,51332.045064431484,51332.045064431484
108,outdoor,scene_00022,outdoor/scene_00022/scan_00193,3,2;6;10,2;6;10,1.0,0.9696969696969697,0.0,0,2744171.7544717444,53216.2937328664,53216.2937328664
108,outdoor,scene_00022,outdoor/scene_00022/scan_00193,6,2;6;10;0;9;5,2;6;10;0;9;5,1.0,0.9696969696969697,0.0,0,2744171.7544717444,53273.350296019606,53273.350296019606
109,outdoor,scene_00022,outdoor/scene_00022/scan_00193,1,7,7,1.0,0.9682539682539683,0.0,2,7021468.590470614,120155.43361865327,120155.43361865327
109,outdoor,scene_00022,outdoor/scene_00022/scan_00193,3,7;10;11,7;10;11,1.0,0.9682539682539683,0.0,2,7021468.590470614,143102.14019478462,143102.14019478462
109,outdoor,scene_00022,outdoor/scene_00022/scan_00193,6,7;10;11;5;1;9,7;10;11;1;5;9,1.0,0.9682539682539683,0.0,2,7021468.590470614,147674.01578812455,147674.01578812455
110,outdoor,scene_00022,outdoor/scene_00022/scan_00194,1,11,11,1.0,0.746031746031746,0.0,3,4735399.679412684,1186078.3548531127,1186078.3548531127
110,outdoor,scene_00022,outdoor/scene_00022/scan_00194,3,11;6;10,11;2;3,0.2,0.746031746031746,1.0,3,4735399.679412684,2085954.5258364335,1351548.0886268464
110,outdoor,scene_00022,outdoor/scene_00022/scan_00194,6,11;6;10;2;7;5,11;2;3;6;7;10,0.7142857142857143,0.746031746031746,1.0,3,4735399.679412684,2401288.009617392,2375286.369209659
111,outdoor,scene_00022,outdoor/scene_00022/scan_00194,1,3,3,1.0,0.9696969696969697,0.0,0,1922009.221149355,191974.82055761738,191974.82055761738
111,outdoor,scene_00022,outdoor/scene_00022/scan_00194,3,3;2;7,3;7;2,1.0,0.9696969696969697,0.0,0,1922009.221149355,224559.31545413908,224559.31545413908
111,outdoor,scene_00022,outdoor/scene_00022/scan_00194,6,3;2;7;6;5;9,3;7;2;6;5;9,1.0,0.9696969696969697,0.0,0,1922009.221149355,229498.432314537,229498.432314537
112,outdoor,scene_00022,outdoor/scene_00022/scan_00194,1,3,3,1.0,0.8181818181818182,0.0,1,5578700.445732514,660823.4541587499,660823.4541587499
112,outdoor,scene_00022,outdoor/scene_00022/scan_00194,3,3;7;2,3;7;2,1.0,0.8181818181818182,0.0,1,5578700.445732514,1373845.0290463811,1373845.0290463811
112,outdoor,scene_00022,outdoor/scene_00022/scan_00194,6,3;7;2;11;9;10,3;7;2;11;0;9,0.7142857142857143,0.8181818181818182,1.0,1,5578700.445732514,1408886.5469908006,1407413.9443107522
113,outdoor,scene_00022,outdoor/scene_00022/scan_00194,1,1,1,1.0,1.0,0.0,0,1028452.3869779492,10449.01708451905,10449.01708451905
113,outdoor,scene_00022,outdoor/scene_00022/scan_00194,3,1;0;9,1;0;9,1.0,1.0,0.0,0,1028452.3869779492,11047.207572749658,11047.207572749658
113,outdoor,scene_00022,outdoor/scene_00022/scan_00194,6,1;0;9;4;11;8,1;0;9;4;11;8,1.0,1.0,0.0,0,1028452.3869779492,11064.271871433315,11064.271871433315
114,outdoor,scene_00022,outdoor/scene_00022/scan_00194,1,0,0,1.0,0.8461538461538461,0.0,2,579471.7666021463,6996.690862823305,6996.690862823305
114,outdoor,scene_00022,outdoor/scene_00022/scan_00194,3,0;1;11,0;1;11,1.0,0.8461538461538461,0.0,2,579471.7666021463,14236.428087755276,14236.428087755276
114,outdoor,scene_00022,outdoor/scene_00022/scan_00194,6,0;1;11;6;2;3,0;1;11;6;2;3,1.0,0.8461538461538461,0.0,2,579471.7666021463,14399.863832768604,14399.863832768604
115,outdoor,scene_00022,outdoor/scene_00022/scan_00194,1,2,2,1.0,1.0,0.0,0,1254862.64226853,827.1995995266805,827.1995995266805
115,outdoor,scene_00022,outdoor/scene_00022/scan_00194,3,2;1;10,2;1;10,1.0,1.0,0.0,0,1254862.64226853,1421.1938536672737,1421.1938536672737
115,outdoor,scene_00022,outdoor/scene_00022/scan_00194,6,2;1;10;9;6;5,2;1;10;9;6;5,1.0,1.0,0.0,0,1254862.64226853,1503.6120802587966,1503.6120802587966
116,outdoor,scene_00022,outdoor/scene_00022/scan_00194,1,1,1,1.0,1.0,0.0,0,1203256.9013595183,1854.0557365632285,1854.0557365632285
116,outdoor,scene_00022,outdoor/scene_00022/scan_00194,3,1;0;9,1;0;9,1.0,1.0,0.0,0,1203256.9013595183,3622.742282082021,3622.742282082021
116,outdoor,scene_00022,outdoor/scene_00022/scan_00194,6,1;0;9;2;10;6,1;0;9;2;10;6,1.0,1.0,0.0,0,1203256.9013595183,4097.2210931299105,4097.2210931299105
117,outdoor,scene_00022,outdoor/scene_00022/scan_00194,1,2,2,1.0,1.0,0.0,0,1651962.4930704772,9310.706567636957,9310.706567636957
117,outdoor,scene_00022,outdoor/scene_00022/scan_00194,3,2;1;0,2;1;0,1.0,1.0,0.0,0,1651962.4930704772,20272.74503509179,20272.74503509179
117,outdoor,scene_00022,outdoor/scene_00022/scan_00194,6,2;1;0;3;8;7,2;1;0;3;8;7,1.0,1.0,0.0,0,1651962.4930704772,21773.049301467203,21773.049301467203
118,outdoor,scene_00022,outdoor/scene_00022/scan_00194,1,3,3,1.0,0.9696969696969697,0.0,0,1035667.711521453,20890.505220183586,20890.505220183586
118,outdoor,scene_00022,outdoor/scene_00022/scan_00194,3,3;1;10,3;1;10,1.0,0.9696969696969697,0.0,0,1035667.711521453,22875.484375663564,22875.484375663564
118,outdoor,scene_00022,outdoor/scene_00022/scan_00194,6,3;1;10;4;2;11,3;1;10;4;2;11,1.0,0.9696969696969697,0.0,0,1035667.711521453,22869.26233936301,22869.26233936301
119,outdoor,scene_00022,outdoor/scene_00022/scan_00194,1,9,0,0.0,0.9696969696969697,1.0,0,8009431.28354776,178665.05141695566,17374.66902035921
119,outdoor,scene_00022,outdoor/scene_00022/scan_00194,3,9;0;4,0;9;4,1.0,0.9696969696969697,0.0,0,8009431.28354776,212302.3685321598,212302.3685321598
119,outdoor,scene_00022,outdoor/scene_00022/scan_00194,6,9;0;4;1;5;3,0;9;4;1;5;3,1.0,0.9696969696969697,0.0,0,8009431.28354776,229527.14741987406,229527.14741987406
120,outdoor,scene_00022,outdoor/scene_00022/scan_00195,1,3,3,1.0,1.0,0.0,0,837579.9527466715,368812.8347024718,368812.8347024718
120,outdoor,scene_00022,outdoor/scene_00022/scan_00195,3,3;4;11,3;4;11,1.0,1.0,0.0,0,837579.9527466715,369198.5188686465,369198.5188686465
120,outdoor,scene_00022,outdoor/scene_00022/scan_00195,6,3;4;11;9;6;10,3;4;11;9;6;10,1.0,1.0,0.0,0,837579.9527466715,369198.38031666336,369198.38031666336
121,outdoor,scene_00022,outdoor/scene_00022/scan_00195,1,1,1,1.0,0.9696969696969697,0.0,0,243242.96252104317,167.06525154780172,167.06525154780172
121,outdoor,scene_00022,outdoor/scene_00022/scan_00195,3,1;10;2,1;10;2,1.0,0.9696969696969697,0.0,0,243242.96252104317,307.9934423728223,307.9934423728223
121,outdoor,scene_00022,outdoor/scene_00022/scan_00195,6,1;10;2;11;6;8,1;10;2;11;6;8,1.0,0.9696969696969697,0.0,0,243242.96252104317,415.58523092488366,415.58523092488366
122,outdoor,scene_00022,outdoor/scene_00022/scan_00195,1,7,7,1.0,0.9090909090909091,0.0,0,970437.5026641171,254.25325632202197,254.25325632202197
122,outdoor,scene_00022,outdoor/scene_00022/scan_00195,3,7;1;8,7;1;8,1.0,0.9090909090909091,0.0,0,970437.5026641171,301.74187380268705,301.74187380268705
122,outdoor,scene_00022,outdoor/scene_00022/scan_00195,6,7;1;8;11;9;10,7;1;8;11;9;10,1.0,0.9090909090909091,0.0,0,970437.5026641171,307.34519820844724,307.34519820844724
123,outdoor,scene_00022,outdoor/scene_00022/scan_00195,1,8,8,1.0,0.9696969696969697,0.0,0,309975.25277228776,385.87424117002115,385.87424117002115
123,outdoor,scene_00022,outdoor/scene_00022/scan_00195,3,8;0;10,8;0;10,1.0,0.9696969696969697,0.0,0,309975.25277228776,533.3114682954854,533.3114682954854
123,outdoor,scene_00022,outdoor/scene_00022/scan_00195,6,8;0;10;4;5;11,8;0;10;4;5;11,1.0,0.9696969696969697,0.0,0,309975.25277228776,532.7196889758994,532.7196889758994
124,outdoor,scene_00022,outdoor/scene_00022/scan_00195,1,5,5,1.0,1.0,0.0,0,328755.71143695194,295.8744816570628,295.8744816570628
124,outdoor,scene_00022,outdoor/scene_00022/scan_00195,3,5;0;1,5;0;1,1.0,1.0,0.0,0,328755.71143695194,550.1067382692147,550.1067382692147
124,outdoor,scene_00022,outdoor/scene_00022/scan_00195,6,5;0;1;11;9;3,5;0;1;11;9;3,1.0,1.0,0.0,0,328755.71143695194,590.8594500433899,590.8594500433899
125,outdoor,scene_00022,outdoor/scene_00022/scan_00195,1,1,1,1.0,0.9696969696969697,0.0,0,620440.8250465302,284.10460143387365,284.10460143387365
125,outdoor,scene_00022,outdoor/scene_00022/scan_00195,3,1;7;2,1;7;2,1.0,0.9696969696969697,0.0,0,620440.8250465302,588.6710657059328,588.6710657059328
125,outdoor,scene_00022,outdoor/scene_00022/scan_00195,6,1;7;2;6;5;11,1;7;2;6;11;5,1.0,0.9696969696969697,0.0,0,620440.8250465302,626.3382133738256,626.3382133738256
126,outdoor,scene_00022,outdoor/scene_00022/scan_00195,1,2,2,1.0,0.9393939393939394,0.0,0,467556.89399932855,241.1799813869709,241.1799813869709
126,outdoor,scene_00022,outdoor/scene_00022/scan_00195,3,2;1;0,2;1;0,1.0,0.9393939393939394,0.0,0,467556.89399932855,644.9889442530126,644.9889442530126
126,outdoor,scene_00022,outdoor/scene_00022/scan_00195,6,2;1;0;4;7;6,2;1;0;7;6;4,1.0,0.9393939393939394,0.0,0,467556.89399932855,960.7928302695723,960.7928302695723
127,outdoor,scene_00022,outdoor/scene_00022/scan_00195,1,2,2,1.0,0.9076923076923077,0.0,2,530270.4474947626,17530.505971765706,17530.505971765706
127,outdoor,scene_00022,outdoor/scene_00022/scan_00195,3,2;6;7,2;6;7,1.0,0.9076923076923077,0.0,2,530270.4474947626,18465.965274270766,18465.965274270766
127,outdoor,scene_00022,outdoor/scene_00022/scan_00195,6,2;6;7;0;3;10,2;6;7;0;3;10,1.0,0.9076923076923077,0.0,2,530270.4474947626,18435.511620977624,18435.511620977624
128,outdoor,scene_00022,outdoor/scene_00022/scan_00195,1,6,6,1.0,0.9696969696969697,0.0,0,918554.9841536842,4176.341530768407,4176.341530768407
128,outdoor,scene_00022,outdoor/scene_00022/scan_00195,3,6;9;7,6;7;9,1.0,0.9696969696969697,0.0,0,918554.9841536842,5315.6025380891315,5315.6025380891315
128,outdoor,scene_00022,outdoor/scene_00022/scan_00195,6,6;9;7;3;4;8,6;7;9;3;4;8,1.0,0.9696969696969697,0.0,0,918554.9841536842,5690.704440355922,5690.704440355922
129,outdoor,scene_00022,outdoor/scene_00022/scan_00195,1,8,8,1.0,0.9642857142857143,0.0,5,421877.5903511308,8817.097323692886,8817.097323692886
129,outdoor,scene_00022,outdoor/scene_00022/scan_00195,3,8;6;7,8;6;7,1.0,0.9642857142857143,0.0,5,421877.5903511308,14455.555645604098,14455.555645604098
129,outdoor,scene_00022,outdoor/scene_00022/scan_00195,6,8;6;7;10;2;11,8;6;7;2;10;11,1.0,0.9642857142857143,0.0,5,421877.5903511308,14567.902082107836,14567.902082107836
130,outdoor,scene_00022,outdoor/scene_00022/scan_00196,1,2,2,1.0,1.0,0.0,0,319798.52595541213,2622.9636307253513,2622.9636307253513
130,outdoor,scene_00022,outdoor/scene_00022/scan_00196,3,2;3;1,2;3;1,1.0,1.0,0.0,0,319798.52595541213,3563.5520500642533,3563.5520500642533
130,outdoor,scene_00022,outdoor/scene_00022/scan_00196,6,2;3;1;6;4;9,2;3;1;6;4;9,1.0,1.0,0.0,0,319798.52595541213,3783.0029464585014,3783.0029464585014
131,outdoor,scene_00022,outdoor/scene_00022/scan_00196,1,2,2,1.0,0.9393939393939394,0.0,0,1162131.6444492433,71762.53216394647,71762.53216394647
131,outdoor,scene_00022,outdoor/scene_00022/scan_00196,3,2;1;5,2;1;5,1.0,0.9393939393939394,0.0,0,1162131.6444492433,78748.33470574417,78748.33470574417
131,outdoor,scene_00022,outdoor/scene_00022/scan_00196,6,2;1;5;6;0;11,2;1;5;6;0;11,1.0,0.9393939393939394,0.0,0,1162131.6444492433,80697.85722224344,80697.85722224344
132,outdoor,scene_00022,outdoor/scene_00022/scan_00196,1,3,3,1.0,0.9696969696969697,0.0,0,1175176.2769519875,3793.0452243715226,3793.0452243715226
132,outdoor,scene_00022,outdoor/scene_00022/scan_00196,3,3;7;2,3;7;2,1.0,0.9696969696969697,0.0,0,1175176.2769519875,10262.233008662528,10262.233008662528
132,outdoor,scene_00022,outdoor/scene_00022/scan_00196,6,3;7;2;0;1;10,3;7;2;1;0;10,1.0,0.9696969696969697,0.0,0,1175176.2769519875,14228.53798273158,14228.53798273158
133,outdoor,scene_00022,outdoor/scene_00022/scan_00196,1,1,1,1.0,1.0,0.0,0,2509354.6563825705,108374.67161838649,108374.67161838649
133,outdoor,scene_00022,outdoor/scene_00022/scan_00196,3,1;0;2,1;0;2,1.0,1.0,0.0,0,2509354.6563825705,164475.03105111344,164475.03105111344
133,outdoor,scene_00022,outdoor/scene_00022/scan_00196,6,1;0;2;3;5;9,1;0;2;3;5;9,1.0,1.0,0.0,0,2509354.6563825705,165187.40150273233,165187.40150273233
134,outdoor,scene_00022,outdoor/scene_00022/scan_00196,1,2,2,1.0,1.0,0.0,0,355405.3519225544,2584.3751664962983,2584.3751664962983
134,outdoor,scene_00022,outdoor/scene_00022/scan_00196,3,2;0;3,2;0;3,1.0,1.0,0.0,0,355405.3519225544,2933.2746938903488,2933.2746938903488
134,outdoor,scene_00022,outdoor/scene_00022/scan_00196,6,2;0;3;7;8;10,2;0;3;7;8;10,1.0,1.0,0.0,0,355405.3519225544,2962.529460223814,2962.529460223814
135,outdoor,scene_00022,outdoor/scene_00022/scan_00196,1,2,2,1.0,1.0,0.0,0,950612.9151093441,54159.79893709659,54159.79893709659
135,outdoor,scene_00022,outdoor/scene_00022/scan_00196,3,2;1;3,2;1;3,1.0,1.0,0.0,0,950612.9151093441,121956.51805577085,121956.51805577085
135,outdoor,scene_00022,outdoor/scene_00022/scan_00196,6,2;1;3;0;6;9,2;1;3;0;6;9,1.0,1.0,0.0,0,950612.9151093441,126121.74764495448,126121.74764495448
136,outdoor,scene_00022,outdoor/scene_00022/scan_00196,1,1,1,1.0,0.9696969696969697,0.0,0,520245.86801657855,1632.4481886780577,1632.4481886780577
136,outdoor,scene_00022,outdoor/scene_00022/scan_00196,3,1;2;0,1;2;0,1.0,0.9696969696969697,0.0,0,520245.86801657855,2662.8202213683653,2662.8202213683653
136,outdoor,scene_00022,outdoor/scene_00022/scan_00196,6,1;2;0;9;8;11,1;2;0;9;8;11,1.0,0.9696969696969697,0.0,0,520245.86801657855,2693.6863731989756,2693.6863731989756
137,outdoor,scene_00022,outdoor/scene_00022/scan_00196,1,3,3,1.0,0.9696969696969697,0.0,0,770373.611031541,3217.8931781601623,3217.8931781601623
137,outdoor,scene_00022,outdoor/scene_00022/scan_00196,3,3;0;2,3;2;0,1.0,0.9696969696969697,0.0,0,770373.611031541,4296.22370365272,4296.223703652719
137,outdoor,scene_00022,outdoor/scene_00022/scan_00196,6,3;0;2;11;9;8,3;2;0;11;9;8,1.0,0.9696969696969697,0.0,0,770373.611031541,4315.842447932132,4315.842447932131
138,outdoor,scene_00022,outdoor/scene_00022/scan_00196,1,0,0,1.0,1.0,0.0,0,406954.49193279474,561.0697222211588,561.0697222211588
138,outdoor,scene_00022,outdoor/scene_00022/scan_00196,3,0;2;8,0;2;8,1.0,1.0,0.0,0,406954.49193279474,724.5044372128058,724.5044372128058
138,outdoor,scene_00022,outdoor/scene_00022/scan_00196,6,0;2;8;11;9;10,0;2;8;11;9;10,1.0,1.0,0.0,0,406954.49193279474,723.2876420061269,723.2876420061269
139,outdoor,scene_00022,outdoor/scene_00022/scan_00196,1,2,2,1.0,1.0,0.0,0,289372.94278717705,1154.8507958044088,1154.8507958044088
139,outdoor,scene_00022,outdoor/scene_00022/scan_00196,3,2;1;9,2;1;9,1.0,1.0,0.0,0,289372.94278717705,1238.1372409177513,1238.1372409177513
139,outdoor,scene_00022,outdoor/scene_00022/scan_00196,6,2;1;9;8;11;10,2;1;9;8;11;10,1.0,1.0,0.0,0,289372.94278717705,1244.5995956960908,1244.5995956960908
140,outdoor,scene_00022,outdoor/scene_00022/scan_00197,1,0,0,1.0,0.9696969696969697,0.0,0,1281582.8544612075,2725.0516321721893,2725.0516321721893
140,outdoor,scene_00022,outdoor/scene_00022/scan_00197,3,0;2;6,0;2;6,1.0,0.9696969696969697,0.0,0,1281582.8544612075,3751.274609979501,3751.274609979501
140,outdoor,scene_00022,outdoor/scene_00022/scan_00197,6,0;2;6;7;5;4,0;2;6;7;5;4,1.0,0.9696969696969697,0.0,0,1281582.8544612075,4145.405912941874,4145.405912941874
141,outdoor,scene_00022,outdoor/scene_00022/scan_00197,1,3,3,1.0,0.9696969696969697,0.0,0,1127114.6171150873,153738.52267744238,153738.52267744238
141,outdoor,scene_00022,outdoor/scene_00022/scan_00197,3,3;7;2,3;7;2,1.0,0.9696969696969697,0.0,0,1127114.6171150873,159625.3058867206,159625.3058867206
141,outdoor,scene_00022,outdoor/scene_00022/scan_00197,6,3;7;2;11;9;0,3;7;2;11;9;0,1.0,0.9696969696969697,0.0,0,1127114.6171150873,161102.09244992744,161102.09244992744
142,outdoor,scene_00022,outdoor/scene_00022/scan_00197,1,0,0,1.0,0.9696969696969697,0.0,0,585405.6450815315,34617.42985413554,34617.42985413554
142,outdoor,scene_00022,outdoor/scene_00022/scan_00197,3,0;1;8,0;1;8,1.0,0.9696969696969697,0.0,0,585405.6450815315,38231.639687681614,38231.639687681614
142,outdoor,scene_00022,outdoor/scene_00022/scan_00197,6,0;1;8;4;10;5,0;1;8;4;10;5,1.0,0.9696969696969697,0.0,0,585405.6450815315,38307.99680442789,38307.99680442789
143,outdoor,scene_00022,outdoor/scene_00022/scan_00197,1,5,5,1.0,0.9696969696969697,0.0,0,527141.0533431348,578.2893570669158,578.2893570669158
143,outdoor,scene_00022,outdoor/scene_00022/scan_00197,3,5;6;4,5;6;4,1.0,0.9696969696969697,0.0,0,527141.0533431348,861.7881948463361,861.7881948463361
143,outdoor,scene_00022,outdoor/scene_00022/scan_00197,6,5;6;4;2;9;3,5;6;4;2;3;9,1.0,0.9696969696969697,0.0,0,527141.0533431348,901.9119090591239,901.9119090591239
144,outdoor,scene_00022,outdoor/scene_00022/scan_00197,1,2,2,1.0,0.9696969696969697,0.0,0,1465754.8884969072,82855.69859007522,82855.69859007522
144,outdoor,scene_00022,outdoor/scene_00022/scan_00197,3,2;1;3,2;1;3,1.0,0.9696969696969697,0.0,0,1465754.8884969072,187338.92072658642,187338.92072658642
144,outdoor,scene_00022,outdoor/scene_00022/scan_00197,6,2;1;3;6;5;7,2;1;3;6;5;7,1.0,0.9696969696969697,0.0,0,1465754.8884969072,194388.94562168894,194388.94562168894
145,outdoor,scene_00022,outdoor/scene_00022/scan_00197,1,4,7,0.0,0.9696969696969697,1.0,0,540580.9464162517,637.7511308830668,576.391337116503
145,outdoor,scene_00022,outdoor/scene_00022/scan_00197,3,4;7;5,7;4;5,1.0,0.9696969696969697,0.0,0,540580.9464162517,1621.1807628306078,1621.1807628306078
145,outdoor,scene_00022,outdoor/scene_00022/scan_00197,6,4;7;5;8;1;11,7;4;5;8;1;11,1.0,0.9696969696969697,0.0,0,540580.9464162517,1726.0248987844036,1726.0248987844036
146,outdoor,scene_00022,outdoor/scene_00022/scan_00197,1,1,1,1.0,0.9393939393939394,0.0,0,496979.6047633814,671.6737686531574,671.6737686531574
146,outdoor,scene_00022,outdoor/scene_00022/scan_00197,3,1;3;7,1;3;0,0.5,0.9393939393939394,1.0,0,496979.6047633814,900.0736869717624,860.0184168171949
146,outdoor,scene_00022,outdoor/scene_00022/scan_00197,6,1;3;7;4;0;8,1;3;0;7;4;8,1.0,0.9393939393939394,0.0,0,496979.6047633814,990.2574017386938,990.2574017386938
147,outdoor,scene_00022,outdoor/scene_00022/scan_00197,1,4,4,1.0,0.9696969696969697,0.0,0,406037.97498473804,375.8316353457726,375.8316353457726
147,outdoor,scene_00022,outdoor/scene_00022/scan_00197,3,4;6;2,4;6;2,1.0,0.9696969696969697,0.0,0,406037.97498473804,816.1863763041043,816.1863763041043
147,outdoor,scene_00022,outdoor/scene_00022/scan_00197,6,4;6;2;0;8;5,4;6;2;0;5;8,1.0,0.9696969696969697,0.0,0,406037.97498473804,926.6367885724114,926.6367885724114
148,outdoor,scene_00022,outdoor/scene_00022/scan_00197,1,0,0,1.0,1.0,0.0,0,1709018.2164034331,18303.658180015173,18303.658180015173
148,outdoor,scene_00022,outdoor/scene_00022/scan_00197,3,0;1;5,0;1;5,1.0,1.0,0.0,0,1709018.2164034331,29483.269629991322,29483.269629991322
148,outdoor,scene_00022,outdoor/scene_00022/scan_00197,6,0;1;5;4;3;10,0;1;5;4;3;10,1.0,1.0,0.0,0,1709018.2164034331,30028.571762155403,30028.571762155403
149,outdoor,scene_00022,outdoor/scene_00022/scan_00197,1,1,1,1.0,0.9696969696969697,0.0,0,5036279.207364761,133336.54605099803,133336.54605099803
149,outdoor,scene_00022,outdoor/scene_00022/scan_00197,3,1;2;3,1;2;3,1.0,0.9696969696969697,0.0,0,5036279.207364761,249100.3156839233,249100.3156839233
149,outdoor,scene_00022,outdoor/scene_00022/scan_00197,6,1;2;3;7;5;10,1;2;3;7;5;10,1.0,0.9696969696969697,0.0,0,5036279.207364761,255933.20446518407,255933.20446518407
150,outdoor,scene_00023,outdoor/scene_00023/scan_00198,1,6,6,1.0,0.8461538461538461,0.0,2,204880.06084640737,7285.691019221064,7285.691019221064
150,outdoor,scene_00023,outdoor/scene_00023/scan_00198,3,6;0;3,6;0;3,1.0,0.8461538461538461,0.0,2,204880.06084640737,7285.691019221064,7285.691019221064
150,outdoor,scene_00023,outdoor/scene_00023/scan_00198,6,6;0;3;2;1;8,6;0;3;8;2;11,0.7142857142857143,0.8461538461538461,1.0,2,204880.06084640737,6988.8812842572825,6485.840605357291
151,outdoor,scene_00023,outdoor/scene_00023/scan_00198,1,2,2,1.0,0.9393939393939394,0.0,0,89197.29494961332,144.4080767220153,144.4080767220153
151,outdoor,scene_00023,outdoor/scene_00023/scan_00198,3,2;5;9,2;5;9,1.0,0.9393939393939394,0.0,0,89197.29494961332,224.35860181909368,224.35860181909368
151,outdoor,scene_00023,outdoor/scene_00023/scan_00198,6,2;5;9;8;3;7,2;5;9;8;3;10,0.7142857142857143,0.9393939393939394,1.0,0,89197.29494961332,172.37602605292685,165.17231782973676
152,outdoor,scene_00023,outdoor/scene_00023/scan_00198,1,11,11,1.0,1.0,0.0,0,310864.0126286439,15571.807573332306,15571.807573332306
152,outdoor,scene_00023,outdoor/scene_00023/scan_00198,3,11;5;4,11;5;4,1.0,1.0,0.0,0,310864.0126286439,15852.56797841232,15852.56797841232
152,outdoor,scene_00023,outdoor/scene_00023/scan_00198,6,11;5;4;2;1;9,11;5;4;2;1;9,1.0,1.0,0.0,0,310864.0126286439,15834.091118824103,15834.091118824103
153,outdoor,scene_00023,outdoor/scene_00023/scan_00198,1,5,5,1.0,1.0,0.0,0,316761.01692531956,1181.1950289786755,1181.1950289786755
153,outdoor,scene_00023,outdoor/scene_00023/scan_00198,3,5;6;4,5;6;4,1.0,1.0,0.0,0,316761.01692531956,3201.0010360626266,3201.0010360626266
153,outdoor,scene_00023,outdoor/scene_00023/scan_00198,6,5;6;4;1;9;8,5;6;4;1;9;8,1.0,1.0,0.0,0,316761.01692531956,3380.6752205079497,3380.6752205079497
154,outdoor,scene_00023,outdoor/scene_00023/scan_00198,1,0,0,1.0,0.9696969696969697,0.0,0,198094.61427900457,2066.8914091839233,2066.8914091839233
154,outdoor,scene_00023,outdoor/scene_00023/scan_00198,3,0;3;6,0;3;6,1.0,0.9696969696969697,0.0,0,198094.61427900457,3145.119833710696,3145.119833710696
154,outdoor,scene_00023,outdoor/scene_00023/scan_00198,6,0;3;6;2;10;11,0;3;6;2;10;11,1.0,0.9696969696969697,0.0,0,198094.61427900457,3365.271035134926,3365.271035134926
155,outdoor,scene_00023,outdoor/scene_00023/scan_00198,1,5,5,1.0,0.873015873015873,0.0,0,252678.97611605207,837.457840876285,837.457840876285
155,outdoor,scene_00023,outdoor/scene_00023/scan_00198,3,5;6;11,5;6;11,1.0,0.873015873015873,0.0,0,252678.97611605207,1678.9248248397614,1678.9248248397614
155,outdoor,scene_00023,outdoor/scene_00023/scan_00198,6,5;6;11;10;7;0,5;6;11;10;7;0,1.0,0.873015873015873,0.0,0,252678.97611605207,1681.3217745593229,1681.3217745593229
156,outdoor,scene_00023,outdoor/scene_00023/scan_00198,1,5,5,1.0,0.8484848484848485,0.0,0,145188.69625315667,2182.818972200431,2182.818972200431
156,outdoor,scene_00023,outdoor/scene_00023/scan_00198,3,5;6;4,5;4;6,1.0,0.8484848484848485,0.0,0,145188.69625315667,4799.248055598735,4799.248055598735
156,outdoor,scene_00023,outdoor/scene_00023/scan_00198,6,5;6;4;7;8;9,5;4;6;7;8;9,1.0,0.8484848484848485,0.0,0,145188.69625315667,5035.155997390463,5035.155997390463
157,outdoor,scene_00023,outdoor/scene_00023/scan_00198,1,7,3,0.0,0.6363636363636364,1.0,1,78086.44730117236,1358.3590749729192,182.66810627259434
157,outdoor,scene_00023,outdoor/scene_00023/scan_00198,3,7;4;3,3;0;7,0.5,0.6363636363636364,1.0,1,78086.44730117236,1871.7893532392816,1576.9298378531685
157,outdoor,scene_00023,outdoor/scene_00023/scan_00198,6,7;4;3;11;0;10,3;0;7;4;10;11,1.0,0.6363636363636364,0.0,1,78086.44730117236,1977.4129636106784,1977.4129636106784
158,outdoor,scene_00023,outdoor/scene_00023/scan_00198,1,8,5,0.0,0.8412698412698413,1.0,3,74007.72900682382,6165.4338028019065,345.4756160216808
158,outdoor,scene_00023,outdoor/scene_00023/scan_00198,3,8;9;4,5;4;8,0.5,0.8412698412698413,1.0,3,74007.72900682382,7886.6727237682035,6998.5226720221835
158,outdoor,scene_00023,outdoor/scene_00023/scan_00198,6,8;9;4;5;10;1,5;4;8;9;10;1,1.0,0.8412698412698413,0.0,3,74007.72900682382,8332.233399550236,8332.233399550236
159,outdoor,scene_00023,outdoor/scene_00023/scan_00198,1,5,1,0.0,0.7272727272727273,1.0,0,143020.41784883564,8442.876443372894,417.8970170150701
159,outdoor,scene_00023,outdoor/scene_00023/scan_00198,3,5;4;6,1;4;5,0.5,0.7272727272727273,1.0,0,143020.41784883564,14872.98318805555,13184.19045797157
159,outdoor,scene_00023,outdoor/scene_00023/scan_00198,6,5;4;6;1;2;10,1;4;5;2;6;10,1.0,0.7272727272727273,0.0,0,143020.41784883564,15406.316176920678,15406.316176920678
160,outdoor,scene_00023,outdoor/scene_00023/scan_00199,1,1,1,1.0,1.0,0.0,0,523178.8247832721,12581.567527669404,12581.567527669404
160,outdoor,scene_00023,outdoor/scene_00023/scan_00199,3,1;2;0,1;2;0,1.0,1.0,0.0,0,523178.8247832721,18631.278089714157,18631.278089714157
160,outdoor,scene_00023,outdoor/scene_00023/scan_00199,6,1;2;0;3;4;5,1;2;0;3;4;5,1.0,1.0,0.0,0,523178.8247832721,19367.850709855575,19367.850709855575
161,outdoor,scene_00023,outdoor/scene_00023/scan_00199,1,3,3,1.0,1.0,0.0,0,789131.7938167192,17711.87358911161,17711.87358911161
161,outdoor,scene_00023,outdoor/scene_00023/scan_00199,3,3;0;1,3;0;1,1.0,1.0,0.0,0,789131.7938167192,26896.296560685165,26896.296560685165
161,outdoor,scene_00023,outdoor/scene_00023/scan_00199,6,3;0;1;6;2;7,3;0;1;6;2;7,1.0,1.0,0.0,0,789131.7938167192,31618.27005476234,31618.27005476234
162,outdoor,scene_00023,outdoor/scene_00023/scan_00199,1,2,2,1.0,1.0,0.0,0,1004083.2157135821,95792.80844489526,95792.80844489526
162,outdoor,scene_00023,outdoor/scene_00023/scan_00199,3,2;3;1,2;3;1,1.0,1.0,0.0,0,1004083.2157135821,217900.0805341751,217900.0805341751
162,outdoor,scene_00023,outdoor/scene_00023/scan_00199,6,2;3;1;0;5;7,2;3;1;0;5;7,1.0,1.0,0.0,0,1004083.2157135821,262616.32188463287,262616.32188463287
163,outdoor,scene_00023,outdoor/scene_00023/scan_00199,1,1,1,1.0,0.9696969696969697,0.0,0,474843.553859258,21309.29170736503,21309.29170736503
163,outdoor,scene_00023,outdoor/scene_00023/scan_00199,3,1;2;6,1;2;0,0.5,0.9696969696969697,1.0,0,474843.553859258,26342.48360964244,25580.233715542152
163,outdoor,scene_00023,outdoor/scene_00023/scan_00199,6,1;2;6;0;8;9,1;2;0;6;8;9,1.0,0.9696969696969697,0.0,0,474843.553859258,27729.314828754195,27729.314828754195
164,outdoor,scene_00023,outdoor/scene_00023/scan_00199,1,1,1,1.0,0.9384615384615385,0.0,2,245281.6791170902,385.64166058815,385.64166058815
164,outdoor,scene_00023,outdoor/scene_00023/scan_00199,3,1;11;0,1;0;11,1.0,0.9384615384615385,0.0,2,245281.6791170902,1047.6384019994493,1047.6384019994491
164,outdoor,scene_00023,outdoor/scene_00023/scan_00199,6,1;11;0;10;9;7,1;0;11;9;10;7,1.0,0.9384615384615385,0.0,2,245281.6791170902,1461.6001846303054,1461.6001846303052
165,outdoor,scene_00023,outdoor/scene_00023/scan_00199,1,6,6,1.0,0.8181818181818182,0.0,0,391269.6064993638,835.607294108249,835.607294108249
165,outdoor,scene_00023,outdoor/scene_00023/scan_00199,3,6;4;7,6;4;7,1.0,0.8181818181818182,0.0,0,391269.6064993638,2197.128806552786,2197.128806552786
165,outdoor,scene_00023,outdoor/scene_00023/scan_00199,6,6;4;7;1;2;10,6;4;7;1;2;5,0.7142857142857143,0.8181818181818182,1.0,0,391269.6064993638,2467.546223541843,2466.0961390858233
166,outdoor,scene_00023,outdoor/scene_00023/scan_00199,1,4,4,1.0,0.9696969696969697,0.0,0,389758.9609336152,1274.7129326740976,1274.7129326740976
166,outdoor,scene_00023,outdoor/scene_00023/scan_00199,3,4;7;1,4;7;1,1.0,0.9696969696969697,0.0,0,389758.9609336152,1690.7670257304887,1690.7670257304887
166,outdoor,scene_00023,outdoor/scene_00023/scan_00199,6,4;7;1;10;8;9,4;7;1;10;8;9,1.0,0.9696969696969697,0.0,0,389758.9609336152,1697.4167940884126,1697.4167940884126
167,outdoor,scene_00023,outdoor/scene_00023/scan_00199,1,0,0,1.0,0.9393939393939394,0.0,0,273902.4023661653,5219.046081140226,5219.046081140226
167,outdoor,scene_00023,outdoor/scene_00023/scan_00199,3,0;1;9,0;1;9,1.0,0.9393939393939394,0.0,0,273902.4023661653,5731.620122699675,5731.620122699675
167,outdoor,scene_00023,outdoor/scene_00023/scan_00199,6,0;1;9;10;11;7,0;1;9;11;10;7,1.0,0.9393939393939394,0.0,0,273902.4023661653,5928.694394043176,5928.694394043176
168,outdoor,scene_00023,outdoor/scene_00023/scan_00199,1,0,0,1.0,0.9696969696969697,0.0,0,434207.82373064617,7220.73821975565,7220.73821975565
168,outdoor,scene_00023,outdoor/scene_00023/scan_00199,3,0;3;1,0;3;1,1.0,0.9696969696969697,0.0,0,434207.82373064617,7283.690660524375,7283.690660524375
168,outdoor,scene_00023,outdoor/scene_00023/scan_00199,6,0;3;1;10;9;11,0;3;1;10;9;11,1.0,0.9696969696969697,0.0,0,434207.82373064617,7279.374627855252,7279.374627855252
169,outdoor,scene_00023,outdoor/scene_00023/scan_00199,1,5,5,1.0,0.7878787878787878,0.0,0,745219.5113543973,7307.446465654928,7307.446465654928
169,outdoor,scene_00023,outdoor/scene_00023/scan_00199,3,5;6;3,5;1;3,0.5,0.7878787878787878,1.0,0,745219.5113543973,18706.66508862596,15588.905031432118
169,outdoor,scene_00023,outdoor/scene_00023/scan_00199,6,5;6;3;8;1;9,5;1;3;8;6;9,1.0,0.7878787878787878,0.0,0,745219.5113543973,28004.044487525865,28004.04448752586
170,outdoor,scene_00023,outdoor/scene_00023/scan_00200,1,3,3,1.0,0.9696969696969697,0.0,0,457211.7438900219,3292.75597498985,3292.75597498985
170,outdoor,scene_00023,outdoor/scene_00023/scan_00200,3,3;0;4,3;0;4,1.0,0.9696969696969697,0.0,0,457211.7438900219,3234.1158058162937,3234.1158058162937
170,outdoor,scene_00023,outdoor/scene_00023/scan_00200,6,3;0;4;1;11;5,3;0;4;1;11;5,1.0,0.9696969696969697,0.0,0,457211.7438900219,2919.0783794055483,2919.0783794055483
171,outdoor,scene_00023,outdoor/scene_00023/scan_00200,1,5,5,1.0,0.9090909090909091,0.0,0,764888.1009423806,54566.88688856895,54566.88688856895
171,outdoor,scene_00023,outdoor/scene_00023/scan_00200,3,5;9;0,5;0;1,0.5,0.9090909090909091,1.0,0,764888.1009423806,74133.3321606824,66065.03249810947
171,outdoor,scene_00023,outdoor/scene_00023/scan_00200,6,5;9;0;1;8;6,5;0;1;9;6;8,1.0,0.9090909090909091,0.0,0,764888.1009423806,78716.65288095418,78716.65288095418
172,outdoor,scene_00023,outdoor/scene_00023/scan_00200,1,0,0,1.0,1.0,0.0,0,3150623.817664207,54712.9137057172,54712.9137057172
172,outdoor,scene_00023,outdoor/scene_00023/scan_00200,3,0;5;6,0;5;6,1.0,1.0,0.0,0,3150623.817664207,56728.74683745695,56728.74683745695
172,outdoor,scene_00023,outdoor/scene_00023/scan_00200,6,0;5;6;10;8;9,0;5;6;10;8;9,1.0,1.0,0.0,0,3150623.817664207,56794.634238001636,56794.634238001636
173,outdoor,scene_00023,outdoor/scene_00023/scan_00200,1,5,5,1.0,0.8484848484848485,0.0,0,2796225.0217359215,173310.014692321,173310.014692321
173,outdoor,scene_00023,outdoor/scene_00023/scan_00200,3,5;6;0,5;6;0,1.0,0.8484848484848485,0.0,0,2796225.0217359215,270785.1566599197,270785.1566599197
173,outdoor,scene_00023,outdoor/scene_00023/scan_00200,6,5;6;0;4;7;11,5;6;0;2;4;7,0.7142857142857143,0.8484848484848485,1.0,0,2796225.0217359215,297240.2560990329,297170.9995787355
174,outdoor,scene_00023,outdoor/scene_00023/scan_00200,1,1,1,1.0,1.0,0.0,0,3660026.967620508,124715.85380861808,124715.85380861808
174,outdoor,scene_00023,outdoor/scene_00023/scan_00200,3,1;0;2,1;0;2,1.0,1.0,0.0,0,3660026.967620508,138119.14234790773,138119.14234790773
174,outdoor,scene_00023,outdoor/scene_00023/scan_00200,6,1;0;2;8;9;10,1;0;2;8;9;10,1.0,1.0,0.0,0,3660026.967620508,138134.9588594323,138134.9588594323
175,outdoor,scene_00023,outdoor/scene_00023/scan_00200,1,4,4,1.0,0.8181818181818182,0.0,0,4101512.3249614486,187715.0691682477,187715.0691682477
175,outdoor,scene_00023,outdoor/scene_00023/scan_00200,3,4;6;5,4;6;2,0.5,0.8181818181818182,1.0,0,4101512.3249614486,301833.4111030099,282967.7847429725
175,outdoor,scene_00023,outdoor/scene_00023/scan_00200,6,4;6;5;3;1;2,4;6;2;3;1;5,1.0,0.8181818181818182,0.0,0,4101512.3249614486,346940.78759498196,346940.78759498196
176,outdoor,scene_00023,outdoor/scene_00023/scan_00200,1,9,0,0.0,0.7272727272727273,1.0,1,1244655.643127921,43796.76259277204,42937.25860213068
176,outdoor,scene_00023,outdoor/scene_00023/scan_00200,3,9;0;5,0;5;9,1.0,0.7272727272727273,0.0,1,1244655.643127921,109269.1010510833,109269.1010510833
176,outdoor,scene_00023,outdoor/scene_00023/scan_00200,6,9;0;5;10;1;6,0;5;9;1;7;4,0.5,0.7272727272727273,1.0,1,1244655.643127921,130397.0967638383,120101.15385515681
177,outdoor,scene_00023,outdoor/scene_00023/scan_00200,1,11,5,0.0,0.7878787878787878,1.0,0,1446741.9605361784,103650.92165966699,42362.20382015122
177,outdoor,scene_00023,outdoor/scene_00023/scan_00200,3,11;3;5,5;3;1,0.5,0.7878787878787878,1.0,0,1446741.9605361784,198944.99329234572,101355.00118048361
177,outdoor,scene_00023,outdoor/scene_00023/scan_00200,6,11;3;5;2;1;7,5;3;1;2;11;7,1.0,0.7878787878787878,0.0,0,1446741.9605361784,219943.5310222735,219943.5310222735
178,outdoor,scene_00023,outdoor/scene_00023/scan_00200,1,9,9,1.0,1.0,0.0,0,2301095.9035909194,5549.559083350181,5549.559083350181
178,outdoor,scene_00023,outdoor/scene_00023/scan_00200,3,9;1;2,9;1;2,1.0,1.0,0.0,0,2301095.9035909194,8904.702416857996,8904.702416857996
178,outdoor,scene_00023,outdoor/scene_00023/scan_00200,6,9;1;2;8;4;6,9;1;2;8;4;6,1.0,1.0,0.0,0,2301095.9035909194,9715.46038355087,9715.46038355087
179,outdoor,scene_00023,outdoor/scene_00023/scan_00200,1,3,3,1.0,1.0,0.0,0,1861829.6404155877,76101.78586870423,76101.78586870423
179,outdoor,scene_00023,outdoor/scene_00023/scan_00200,3,3;2;1,3;2;1,1.0,1.0,0.0,0,1861829.6404155877,109721.82059176193,109721.82059176193
179,outdoor,scene_00023,outdoor/scene_00023/scan_00200,6,3;2;1;7;10;11,3;2;1;7;10;11,1.0,1.0,0.0,0,1861829.6404155877,109769.42635615153,109769.42635615153
180,outdoor,scene_00024,outdoor/scene_00024/scan_00201,1,6,6,1.0,1.0,0.0,0,510479.17750053114,549.3145493668338,549.3145493668338
180,outdoor,scene_00024,outdoor/scene_00024/scan_00201,3,6;7;2,6;7;2,1.0,1.0,0.0,0,510479.17750053114,939.5562143280688,939.5562143280688
180,outdoor,scene_00024,outdoor/scene_00024/scan_00201,6,6;7;2;8;10;11,6;7;2;8;10;11,1.0,1.0,0.0,0,510479.17750053114,943.4759542574909,943.4759542574909
181,outdoor,scene_00024,outdoor/scene_00024/scan_00201,1,1,1,1.0,0.9696969696969697,0.0,0,254656.82948751978,178.4891589118365,178.4891589118365
181,outdoor,scene_00024,outdoor/scene_00024/scan_00201,3,1;2;3,1;2;3,1.0,0.9696969696969697,0.0,0,254656.82948751978,324.4996947365535,324.4996947365535
181,outdoor,scene_00024,outdoor/scene_00024/scan_00201,6,1;2;3;8;4;5,1;2;3;4;8;5,1.0,0.9696969696969697,0.0,0,254656.82948751978,363.01516668695507,363.01516668695507
182,outdoor,scene_00024,outdoor/scene_00024/scan_00201,1,3,3,1.0,0.9696969696969697,0.0,0,242913.26448377763,1943.4609021995352,1943.4609021995352
182,outdoor,scene_00024,outdoor/scene_00024/scan_00201,3,3;1;2,3;2;1,1.0,0.9696969696969697,0.0,0,242913.26448377763,2387.8163543097126,2387.8163543097126
182,outdoor,scene_00024,outdoor/scene_00024/scan_00201,6,3;1;2;6;8;10,3;2;1;6;8;10,1.0,0.9696969696969697,0.0,0,242913.26448377763,2503.8167127983734,2503.8167127983734
183,outdoor,scene_00024,outdoor/scene_00024/scan_00201,1,11,11,1.0,0.9696969696969697,0.0,0,356376.0664212628,456.7129811021889,456.7129811021889
183,outdoor,scene_00024,outdoor/scene_00024/scan_00201,3,11;10;9,11;10;9,1.0,0.9696969696969697,0.0,0,356376.0664212628,817.1489117034683,817.1489117034683
183,outdoor,scene_00024,outdoor/scene_00024/scan_00201,6,11;10;9;7;5;2,11;10;9;7;5;2,1.0,0.9696969696969697,0.0,0,356376.0664212628,886.7185057202912,886.7185057202912
184,outdoor,scene_00024,outdoor/scene_00024/scan_00201,1,3,3,1.0,0.9090909090909091,0.0,0,341763.9668254653,4598.992522172858,4598.992522172858
184,outdoor,scene_00024,outdoor/scene_00024/scan_00201,3,3;2;1,3;2;1,1.0,0.9090909090909091,0.0,0,341763.9668254653,6135.821372268244,6135.821372268244
184,outdoor,scene_00024,outdoor/scene_00024/scan_00201,6,3;2;1;6;9;10,3;2;1;6;9;10,1.0,0.9090909090909091,0.0,0,341763.9668254653,6295.778388496569,6295.778388496569
185,outdoor,scene_00024,outdoor/scene_00024/scan_00201,1,4,4,1.0,1.0,0.0,0,1756123.6644829141,93724.27809738126,93724.27809738126
185,outdoor,scene_00024,outdoor/scene_00024/scan_00201,3,4;0;8,4;0;8,1.0,1.0,0.0,0,1756123.6644829141,113227.19537320767,113227.19537320767
185,outdoor,scene_00024,outdoor/scene_00024/scan_00201,6,4;0;8;9;2;10,4;0;8;9;2;10,1.0,1.0,0.0,0,1756123.6644829141,113336.42248774838,113336.42248774838
186,outdoor,scene_00024,outdoor/scene_00024/scan_00201,1,6,1,0.0,0.8787878787878788,1.0,0,3009662.532865868,224046.67463851045,209362.9969683614
186,outdoor,scene_00024,outdoor/scene_00024/scan_00201,3,6;1;2,1;6;2,1.0,0.8787878787878788,0.0,0,3009662.532865868,615809.3081773773,615809.3081773773
186,outdoor,scene_00024,outdoor/scene_00024/scan_00201,6,6;1;2;3;5;7,1;6;2;3;7;5,1.0,0.8787878787878788,0.0,0,3009662.532865868,847452.418211644,847452.418211644
187,outdoor,scene_00024,outdoor/scene_00024/scan_00201,1,2,2,1.0,0.9696969696969697,0.0,0,4698967.239549237,500403.4056758196,500403.4056758196
187,outdoor,scene_00024,outdoor/scene_00024/scan_00201,3,2;0;1,2;0;1,1.0,0.9696969696969697,0.0,0,4698967.239549237,955322.4503557694,955322.4503557694
187,outdoor,scene_00024,outdoor/scene_00024/scan_00201,6,2;0;1;3;5;8,2;0;1;3;5;8,1.0,0.9696969696969697,0.0,0,4698967.239549237,986921.7509219302,986921.7509219302
188,outdoor,scene_00024,outdoor/scene_00024/scan_00201,1,1,1,1.0,0.9696969696969697,0.0,0,3275984.1886289716,486083.31864268554,486083.31864268554
188,outdoor,scene_00024,outdoor/scene_00024/scan_00201,3,1;0;3,1;0;3,1.0,0.9696969696969697,0.0,0,3275984.1886289716,630054.559710433,630054.559710433
188,outdoor,scene_00024,outdoor/scene_00024/scan_00201,6,1;0;3;7;2;8,1;0;3;2;7;8,1.0,0.9696969696969697,0.0,0,3275984.1886289716,636291.1191911711,636291.1191911711
189,outdoor,scene_00024,outdoor/scene_00024/scan_00201,1,2,2,1.0,1.0,0.0,0,2015768.2857979126,72262.40860538697,72262.40860538697
189,outdoor,scene_00024,outdoor/scene_00024/scan_00201,3,2;7;8,2;7;8,1.0,1.0,0.0,0,2015768.2857979126,72291.98780171887,72291.98780171887
189,outdoor,scene_00024,outdoor/scene_00024/scan_00201,6,2;7;8;10;9;11,2;7;8;10;9;11,1.0,1.0,0.0,0,2015768.2857979126,72300.63784929323,72300.63784929323
190,outdoor,scene_00024,outdoor/scene_00024/scan_00202,1,0,0,1.0,0.9696969696969697,0.0,0,538750.3722323996,565.2390438242053,565.2390438242053
190,outdoor,scene_00024,outdoor/scene_00024/scan_00202,3,0;2;7,0;2;7,1.0,0.9696969696969697,0.0,0,538750.3722323996,595.8591278045368,595.8591278045368
190,outdoor,scene_00024,outdoor/scene_00024/scan_00202,6,0;2;7;4;1;5,0;2;7;4;1;5,1.0,0.9696969696969697,0.0,0,538750.3722323996,560.0521572885327,560.0521572885327
191,outdoor,scene_00024,outdoor/scene_00024/scan_00202,1,0,0,1.0,1.0,0.0,0,829809.4643044808,3712.2994265443513,3712.2994265443513
191,outdoor,scene_00024,outdoor/scene_00024/scan_00202,3,0;8;4,0;8;4,1.0,1.0,0.0,0,829809.4643044808,3736.523369424768,3736.523369424768
191,outdoor,scene_00024,outdoor/scene_00024/scan_00202,6,0;8;4;9;10;5,0;8;4;9;10;5,1.0,1.0,0.0,0,829809.4643044808,3733.345885982296,3733.345885982296
192,outdoor,scene_00024,outdoor/scene_00024/scan_00202,1,1,1,1.0,0.9393939393939394,0.0,0,549339.3292231534,642.8192492105275,642.8192492105275
192,outdoor,scene_00024,outdoor/scene_00024/scan_00202,3,1;5;0,1;0;5,1.0,0.9393939393939394,0.0,0,549339.3292231534,821.7960333727937,821.7960333727937
192,outdoor,scene_00024,outdoor/scene_00024/scan_00202,6,1;5;0;8;6;4,1;0;5;6;8;4,1.0,0.9393939393939394,0.0,0,549339.3292231534,977.9560541902295,977.9560541902295
193,outdoor,scene_00024,outdoor/scene_00024/scan_00202,1,2,2,1.0,0.9393939393939394,0.0,0,526787.059794432,53788.56847283048,53788.56847283048
193,outdoor,scene_00024,outdoor/scene_00024/scan_00202,3,2;3;0,2;3;0,1.0,0.9393939393939394,0.0,0,526787.059794432,95815.33432819253,95815.33432819253
193,outdoor,scene_00024,outdoor/scene_00024/scan_00202,6,2;3;0;5;1;9,2;3;0;1;5;4,0.7142857142857143,0.9393939393939394,1.0,0,526787.059794432,96218.73227043833,96217.23743311495
194,outdoor,scene_00024,outdoor/scene_00024/scan_00202,1,0,0,1.0,0.9696969696969697,0.0,0,713216.1368777362,1215.6794829514324,1215.6794829514324
194,outdoor,scene_00024,outdoor/scene_00024/scan_00202,3,0;7;3,0;3;7,1.0,0.9696969696969697,0.0,0,713216.1368777362,2231.90742672273,2231.90742672273
194,outdoor,scene_00024,outdoor/scene_00024/scan_00202,6,0;7;3;6;1;5,0;3;7;6;1;5,1.0,0.9696969696969697,0.0,0,713216.1368777362,3033.4556751525047,3033.4556751525047
195,outdoor,scene_00024,outdoor/scene_00024/scan_00202,1,0,0,1.0,1.0,0.0,0,1166976.217851304,5662.453534535912,5662.453534535912
195,outdoor,scene_00024,outdoor/scene_00024/scan_00202,3,0;2;5,0;2;5,1.0,1.0,0.0,0,1166976.217851304,7271.263561703496,7271.263561703496
195,outdoor,scene_00024,outdoor/scene_00024/scan_00202,6,0;2;5;11;6;8,0;2;5;11;6;8,1.0,1.0,0.0,0,1166976.217851304,7291.333731916016,7291.333731916016
196,outdoor,scene_00024,outdoor/scene_00024/scan_00202,1,2,2,1.0,0.9090909090909091,0.0,0,480080.35885206336,1362.0465313521486,1362.0465313521486
196,outdoor,scene_00024,outdoor/scene_00024/scan_00202,3,2;3;1,2;3;1,1.0,0.9090909090909091,0.0,0,480080.35885206336,2795.4226343986165,2795.4226343986165
196,outdoor,scene_00024,outdoor/scene_00024/scan_00202,6,2;3;1;9;11;5,2;3;1;5;9;11,1.0,0.9090909090909091,0.0,0,480080.35885206336,3002.6289326698757,3002.6289326698757
197,outdoor,scene_00024,outdoor/scene_00024/scan_00202,1,0,0,1.0,1.0,0.0,0,1463726.0604155674,25900.27798950275,25900.27798950275
197,outdoor,scene_00024,outdoor/scene_00024/scan_00202,3,0;1;2,0;1;2,1.0,1.0,0.0,0,1463726.0604155674,29257.593817614517,29257.593817614517
197,outdoor,scene_00024,outdoor/scene_00024/scan_00202,6,0;1;2;6;7;8,0;1;2;6;7;8,1.0,1.0,0.0,0,1463726.0604155674,29330.38364803419,29330.38364803419
198,outdoor,scene_00024,outdoor/scene_00024/scan_00202,1,9,6,0.0,0.7538461538461538,1.0,2,1210835.9798911673,35329.10999283928,2244.4162131103312
198,outdoor,scene_00024,outdoor/scene_00024/scan_00202,3,9;11;10,6;9;5,0.2,0.7538461538461538,1.0,2,1210835.9798911673,90616.13943330108,56601.181978487206
198,outdoor,scene_00024,outdoor/scene_00024/scan_00202,6,9;11;10;5;0;6,6;9;5;10;11;0,1.0,0.7538461538461538,0.0,2,1210835.9798911673,118502.34615288398,118502.34615288397
199,outdoor,scene_00024,outdoor/scene_00024/scan_00202,1,6,6,1.0,0.8928571428571429,0.0,5,280268.7133314838,8680.573308555642,8680.573308555642
199,outdoor,scene_00024,outdoor/scene_00024/scan_00202,3,6;10;9,6;3;10,0.5,0.8928571428571429,1.0,5,280268.7133314838,18814.85502030542,16897.65009145401
199,outdoor,scene_00024,outdoor/scene_00024/scan_00202,6,6;10;9;8;3;7,6;3;10;9;8;7,1.0,0.8928571428571429,0.0,5,280268.7133314838,20390.13294948296,20390.13294948296
